Age,DailyRate,DistanceFromHome,Education,EmployeeNumber,EnvironmentSatisfaction,HourlyRate,JobInvolvement,JobLevel,JobSatisfaction,MonthlyIncome,MonthlyRate,NumCompaniesWorked,PercentSalaryHike,PerformanceRating,RelationshipSatisfaction,StockOptionLevel,TotalWorkingYears,TrainingTimesLastYear,WorkLifeBalance,YearsAtCompany,YearsInCurrentRole,YearsSinceLastPromotion,YearsWithCurrManager,index,BusinessTravel,Department,EducationField,Gender,JobRole,MaritalStatus,OverTime
27,1022,10,3,2069,4,54,4,1,3,3175,14791,2,17,3,4,1,5,2,3,3,2,2,2,1074,Travel_Rarely,Research & Development,Life Sciences,Male,Healthcare Representative,Single,Yes
37,336,2,4,2070,2,81,4,2,4,9853,14287,0,13,3,4,1,16,2,2,14,1,0,8,931,Non-Travel,Research & Development,Medical,Female,Manufacturing Director,Single,Yes
40,705,2,4,2071,1,55,2,3,3,10625,16717,5,13,3,3,0,17,2,1,14,1,10,7,985,Travel_Rarely,Research & Development,Medical,Male,Manufacturing Director,Married,Yes
28,1028,17,2,2072,4,101,3,1,2,3294,6102,1,14,3,1,1,2,3,1,2,0,0,0,164,Non-Travel,Research & Development,Medical,Male,Research Scientist,Divorced,Yes
37,730,10,4,2073,4,96,2,2,3,5784,17094,1,15,3,2,1,9,3,2,8,2,6,7,324,Travel_Rarely,Research & Development,Medical,Female,Research Scientist,Married,No
37,519,7,4,2074,1,61,3,3,2,11834,22572,0,13,3,3,0,13,4,3,12,6,2,10,290,Travel_Frequently,Research & Development,Life Sciences,Female,Research Director,Single,Yes
36,887,2,4,2075,3,89,4,2,2,6155,21532,1,14,3,1,1,7,2,3,6,5,1,2,1177,Travel_Rarely,Research & Development,Life Sciences,Female,Research Director,Divorced,No
31,798,22,1,2076,2,46,2,2,3,4455,9453,1,22,4,4,1,10,4,3,9,7,4,7,897,Travel_Rarely,Sales,Life Sciences,Female,Sales Executive,Single,No
43,1466,9,4,2077,4,45,3,1,2,4522,26037,7,15,3,4,1,4,2,3,2,1,0,0,1403,Travel_Rarely,Sales,Marketing,Male,Sales Executive,Single,No
29,750,6,2,2078,2,90,4,2,1,4857,19899,1,13,3,4,1,7,2,3,6,3,1,5,537,Travel_Frequently,Research & Development,Life Sciences,Male,Manufacturing Director,Divorced,No
45,816,9,2,2079,1,80,3,1,4,4571,18129,1,14,3,3,0,12,3,3,12,8,4,7,491,Travel_Frequently,Research & Development,Medical,Male,Laboratory Technician,Divorced,Yes
32,922,6,3,2080,4,89,3,2,1,8752,24592,0,19,3,4,0,7,4,3,5,4,1,3,997,Travel_Rarely,Research & Development,Life Sciences,Female,Research Scientist,Single,Yes
50,1140,15,4,2081,3,72,3,1,1,3431,18195,7,13,3,4,1,10,3,2,8,2,6,6,821,Travel_Rarely,Sales,Technical Degree,Male,Sales Executive,Married,No
47,1268,7,3,2082,1,101,3,3,1,5913,21667,1,19,3,1,1,23,2,3,23,8,8,10,269,Travel_Rarely,Research & Development,Life Sciences,Male,Laboratory Technician,Married,No
41,1386,9,2,2083,3,81,3,1,4,3363,8810,1,13,3,3,0,3,3,3,3,2,2,1,1348,Travel_Rarely,Research & Development,Life Sciences,Male,Manager,Divorced,No
50,786,2,3,2084,4,82,2,4,4,17307,11029,6,13,3,3,0,24,3,4,2,0,0,0,981,Travel_Frequently,Sales,Marketing,Female,Sales Executive,Married,Yes
27,727,9,1,2085,2,47,3,1,1,3548,6995,1,15,3,4,1,6,2,4,4,3,0,2,1080,Travel_Rarely,Sales,Life Sciences,Female,Manager,Married,No
38,1130,11,2,2086,3,84,2,3,1,9992,10633,2,14,3,3,1,10,3,3,4,0,2,3,287,Travel_Rarely,Research & Development,Life Sciences,Male,Healthcare Representative,Divorced,No
51,1101,3,1,2087,2,51,3,4,4,18089,15629,3,16,3,4,0,26,3,3,5,4,4,3,739,Travel_Rarely,Research & Development,Life Sciences,Female,Manufacturing Director,Married,No
24,519,20,3,2088,4,47,2,1,2,3217,12145,1,14,3,2,0,2,3,4,2,0,0,0,241,Non-Travel,Sales,Marketing,Male,Sales Executive,Married,No
36,249,7,5,2089,3,52,3,1,3,4017,14427,3,21,4,1,0,9,2,3,5,4,1,4,589,Travel_Rarely,Research & Development,Life Sciences,Female,Laboratory Technician,Married,Yes
44,378,7,3,2090,4,67,3,1,1,5486,5869,2,14,3,3,0,19,3,3,17,12,2,15,107,Travel_Rarely,Sales,Marketing,Male,Sales Executive,Single,Yes
53,355,9,3,2091,4,88,3,4,2,18688,20645,4,24,4,1,1,29,4,2,27,9,10,9,36,Travel_Rarely,Sales,Marketing,Male,Sales Representative,Married,Yes
47,1390,19,2,2092,3,84,3,3,4,13145,9897,0,15,3,2,0,20,2,3,19,7,4,9,1154,Travel_Rarely,Human Resources,Life Sciences,Female,Manager,Married,No
30,1175,8,3,2093,4,48,2,2,1,6014,5819,6,18,3,3,0,7,2,2,4,3,1,2,237,Non-Travel,Sales,Life Sciences,Male,Manager,Single,Yes
34,1117,12,3,2094,2,88,3,2,3,7106,20978,0,13,3,2,0,7,5,3,5,4,4,4,1096,Travel_Rarely,Human Resources,Medical,Male,Manager,Single,Yes
26,633,6,1,2095,3,101,3,1,4,4086,26907,1,19,3,3,0,4,2,3,3,2,2,2,416,Travel_Frequently,Research & Development,Life Sciences,Male,Laboratory Technician,Married,Yes
26,367,10,2,2096,1,54,2,1,3,3657,26263,1,21,4,3,0,3,2,1,3,2,2,2,1248,Travel_Rarely,Research & Development,Medical,Female,Research Scientist,Single,No
36,1316,7,2,2097,4,46,3,2,3,6574,19619,1,21,4,3,2,10,2,3,9,7,2,7,847,Travel_Frequently,Research & Development,Medical,Male,Healthcare Representative,Single,No
28,1126,9,3,2098,3,67,2,1,2,3717,27405,1,13,3,3,2,2,4,3,2,0,0,0,1222,Travel_Rarely,Human Resources,Human Resources,Male,Human Resources,Married,No
48,744,9,2,2099,3,71,2,3,4,9761,15498,1,17,3,4,0,10,3,3,9,7,4,7,1304,Travel_Rarely,Research & Development,Life Sciences,Female,Healthcare Representative,Divorced,No
35,732,7,4,2100,4,57,3,2,4,6528,11760,3,22,4,4,1,10,3,2,7,7,1,7,337,Travel_Rarely,Research & Development,Other,Male,Laboratory Technician,Single,No
36,958,7,3,2101,4,95,2,2,3,6152,18613,1,15,3,3,1,13,3,2,13,7,4,7,207,Travel_Frequently,Research & Development,Medical,Female,Laboratory Technician,Single,No
59,1288,6,3,2102,3,47,2,3,2,10575,11509,2,14,3,4,1,23,3,3,6,0,0,4,1318,Travel_Frequently,Research & Development,Medical,Male,Laboratory Technician,Married,No
41,761,22,4,2103,4,87,3,2,4,6380,20372,8,15,3,2,1,10,2,3,3,2,1,2,879,Travel_Rarely,Sales,Marketing,Male,Sales Executive,Divorced,Yes
39,528,3,4,2104,3,61,3,2,2,6087,5138,8,13,3,4,0,18,2,3,15,13,4,11,85,Travel_Rarely,Research & Development,Life Sciences,Male,Manufacturing Director,Single,No
36,478,24,4,2105,1,92,3,1,4,3805,19561,1,24,4,3,0,2,2,1,2,0,0,1,920,Travel_Frequently,Research & Development,Medical,Female,Laboratory Technician,Divorced,No
30,568,4,3,2106,1,93,3,1,4,3164,13235,1,22,4,1,0,2,4,3,2,0,0,0,182,Travel_Rarely,Sales,Marketing,Female,Sales Representative,Single,Yes
36,817,21,2,2107,3,99,3,2,2,6730,17230,0,14,3,1,1,9,2,4,7,7,0,7,1374,Travel_Rarely,Sales,Life Sciences,Female,Manager,Married,Yes
44,636,7,2,2108,4,51,3,2,3,5732,24482,6,15,3,2,0,9,5,3,3,2,2,1,441,Travel_Frequently,Research & Development,Other,Male,Laboratory Technician,Married,No
36,618,3,3,2109,4,84,3,1,1,3494,13377,1,15,3,4,0,5,4,3,4,2,1,2,1148,Travel_Rarely,Research & Development,Medical,Male,Manufacturing Director,Married,No
28,874,2,3,2110,2,68,3,1,4,3367,5778,2,17,3,1,1,7,2,2,3,0,2,0,1192,Travel_Rarely,Research & Development,Medical,Female,Laboratory Technician,Divorced,Yes
47,1019,2,4,2111,4,95,3,1,4,3347,13117,3,15,3,4,1,9,2,3,5,3,0,2,194,Non-Travel,Research & Development,Medical,Male,Manager,Married,No
44,949,7,3,2112,4,81,3,3,4,13228,16489,3,19,3,3,0,16,3,3,2,0,0,0,697,Travel_Frequently,Sales,Technical Degree,Female,Sales Representative,Married,No
56,262,18,4,2113,3,69,3,2,2,6938,14943,3,15,3,4,1,17,3,3,8,7,5,7,835,Travel_Rarely,Human Resources,Technical Degree,Male,Human Resources,Single,No
36,1323,7,3,2114,2,103,4,1,2,3804,26956,1,21,4,3,0,6,3,1,5,1,0,3,367,Travel_Rarely,Research & Development,Technical Degree,Male,Healthcare Representative,Single,No
24,617,21,1,2115,4,59,3,1,3,2828,27652,1,20,3,4,0,2,2,2,1,0,0,0,1462,Travel_Rarely,Sales,Marketing,Female,Sales Executive,Married,No
55,544,3,3,2116,4,49,4,3,2,15852,21167,4,13,3,2,0,33,2,2,9,7,7,7,639,Travel_Rarely,Research & Development,Technical Degree,Female,Research Scientist,Married,No
37,725,11,3,2117,3,64,2,2,2,5284,23069,4,13,3,4,1,14,4,4,10,8,1,7,729,Travel_Rarely,Research & Development,Medical,Female,Healthcare Representative,Divorced,Yes
31,1413,4,1,2118,4,77,4,2,4,5421,18326,1,21,4,2,1,7,3,3,6,5,0,4,942,Travel_Rarely,Research & Development,Technical Degree,Female,Healthcare Representative,Married,No
35,614,7,4,2119,1,73,4,2,4,6131,8718,4,22,4,4,1,13,4,4,7,7,4,7,69,Travel_Rarely,Research & Development,Medical,Male,Research Scientist,Married,Yes
38,714,5,4,2120,4,56,2,1,4,3439,27392,1,14,3,2,1,3,2,4,3,2,2,2,505,Travel_Rarely,Research & Development,Life Sciences,Female,Laboratory Technician,Married,Yes
36,1059,3,4,2121,1,80,4,2,4,5777,12705,6,17,3,3,0,10,0,2,7,7,0,7,774,Non-Travel,Research & Development,Medical,Male,Manager,Single,No
40,644,3,3,2122,4,81,3,2,3,9746,5769,4,13,3,3,1,17,3,2,4,0,1,0,157,Travel_Rarely,Research & Development,Medical,Female,Research Scientist,Married,Yes
40,672,9,2,2123,2,55,2,2,2,5022,11090,1,15,3,1,1,6,2,3,5,2,0,3,1309,Travel_Rarely,Sales,Medical,Male,Sales Executive,Single,No
31,689,2,2,2124,3,75,3,3,1,7835,8525,1,13,3,4,0,10,3,3,9,7,0,7,87,Travel_Rarely,Research & Development,Life Sciences,Male,Laboratory Technician,Married,No
47,1001,3,2,2125,2,55,1,2,3,7154,14388,0,14,3,1,0,10,3,3,8,7,3,1,67,Travel_Rarely,Research & Development,Life Sciences,Male,Research Scientist,Divorced,No
36,686,8,3,2126,3,64,4,2,4,6785,13749,1,16,3,3,1,10,4,4,10,7,0,7,105,Non-Travel,Human Resources,Human Resources,Female,Manager,Married,No
39,1250,8,4,2127,1,89,3,2,4,5798,26854,4,14,3,4,1,12,3,3,7,7,0,7,1009,Travel_Rarely,Research & Development,Medical,Female,Research Director,Married,Yes
47,636,8,4,2128,4,81,3,2,4,4592,11530,8,15,3,1,1,12,3,3,10,8,8,7,488,Travel_Rarely,Research & Development,Life Sciences,Female,Healthcare Representative,Married,No
45,1171,8,3,2129,4,86,3,1,3,4829,15524,4,14,3,4,0,9,3,3,1,0,0,0,1268,Non-Travel,Research & Development,Medical,Female,Manufacturing Director,Married,Yes
47,1258,2,1,2130,3,80,2,3,3,10746,6123,3,23,4,4,1,24,3,2,22,14,12,4,1164,Travel_Rarely,Research & Development,Life Sciences,Female,Manufacturing Director,Single,Yes
37,1185,6,2,2131,2,65,2,2,4,4844,13951,1,15,3,3,1,15,3,4,14,9,4,12,1244,Travel_Frequently,Research & Development,Technical Degree,Female,Research Scientist,Single,No
54,428,4,3,2132,4,49,2,3,3,8321,21025,2,15,3,3,0,26,4,3,5,4,0,4,489,Travel_Rarely,Research & Development,Other,Male,Research Director,Divorced,Yes
49,789,26,2,2133,2,83,4,2,3,6949,12505,4,13,3,4,0,9,2,3,5,4,1,3,90,Travel_Frequently,Research & Development,Life Sciences,Male,Healthcare Representative,Married,No
32,664,26,3,2134,2,49,1,2,1,5622,21807,0,22,4,2,1,7,4,2,5,3,0,0,384,Travel_Rarely,Sales,Medical,Male,Sales Executive,Married,No
52,1451,11,3,2135,3,61,3,4,2,18757,18676,3,16,3,2,0,20,4,3,5,4,4,4,588,Travel_Rarely,Research & Development,Medical,Male,Research Director,Married,No
42,1492,20,4,2136,1,53,2,2,4,6707,6281,3,13,3,4,1,9,2,4,5,4,1,4,855,Travel_Rarely,Research & Development,Life Sciences,Female,Manufacturing Director,Married,No
48,292,5,2,2137,4,43,2,4,2,17764,12144,2,15,3,3,1,25,2,3,11,4,0,7,586,Non-Travel,Research & Development,Life Sciences,Male,Laboratory Technician,Divorced,No
38,1234,8,2,2138,3,84,2,3,4,10422,15644,4,13,3,2,1,16,5,2,13,2,4,11,719,Travel_Rarely,Sales,Life Sciences,Female,Sales Executive,Single,Yes
33,814,23,3,2139,3,54,4,1,1,2318,12783,1,18,3,4,0,2,3,3,2,0,0,0,433,Travel_Rarely,Sales,Marketing,Female,Sales Executive,Married,Yes
38,1377,26,4,2140,4,58,3,2,3,7373,7737,2,17,3,2,1,17,3,3,7,7,0,7,1264,Travel_Rarely,Research & Development,Medical,Male,Research Director,Married,No
40,1246,10,2,2141,4,85,4,1,4,5450,17002,3,18,3,1,0,5,2,3,2,0,0,0,1373,Travel_Frequently,Research & Development,Medical,Female,Research Scientist,Divorced,Yes
47,626,2,4,2142,1,73,3,3,2,7860,22242,1,13,3,1,2,10,4,3,10,7,6,7,1100,Travel_Rarely,Sales,Life Sciences,Female,Sales Representative,Married,No
38,1327,21,3,2143,2,77,4,3,2,11835,20557,6,19,3,2,1,10,5,2,7,7,5,2,1181,Travel_Rarely,Research & Development,Life Sciences,Female,Healthcare Representative,Married,Yes
44,424,2,3,2144,4,67,2,4,3,18113,20982,1,13,3,2,1,21,3,3,21,7,2,9,1130,Travel_Rarely,Research & Development,Life Sciences,Male,Laboratory Technician,Married,No
35,1144,6,4,2145,1,74,3,2,4,6145,23764,1,13,3,1,1,10,2,3,10,0,0,2,577,Travel_Rarely,Research & Development,Life Sciences,Female,Research Scientist,Divorced,Yes
54,431,27,2,2146,4,67,4,3,3,12927,11946,2,13,3,2,1,23,3,2,5,3,0,2,1032,Non-Travel,Research & Development,Life Sciences,Female,Laboratory Technician,Single,Yes
57,742,2,4,2147,3,65,3,2,3,6869,27115,1,22,4,1,1,13,2,2,13,11,1,8,274,Travel_Rarely,Research & Development,Medical,Male,Research Scientist,Single,No
48,1233,6,4,2148,1,101,3,2,4,6403,21793,4,22,4,3,0,14,4,3,9,6,0,7,22,Travel_Rarely,Research & Development,Life Sciences,Female,Research Director,Single,No
51,385,4,2,2149,3,52,2,2,1,5545,24206,4,25,4,1,1,10,3,3,4,2,1,2,333,Travel_Rarely,Research & Development,Life Sciences,Female,Healthcare Representative,Married,No
45,982,28,3,2150,2,101,3,2,2,5235,13853,1,14,3,4,1,10,3,2,9,7,6,7,115,Travel_Rarely,Sales,Life Sciences,Male,Sales Executive,Single,No
37,991,9,3,2151,4,91,3,3,4,8784,8052,0,13,3,4,1,10,0,2,9,7,1,6,963,Travel_Rarely,Sales,Life Sciences,Female,Sales Executive,Divorced,No
37,259,3,3,2152,3,91,3,2,1,5326,8553,0,13,3,4,0,5,3,3,4,2,0,2,258,Travel_Rarely,Research & Development,Life Sciences,Male,Research Scientist,Married,No
50,1466,19,4,2153,4,59,3,1,3,3337,8097,4,18,3,1,1,13,2,2,1,0,0,0,986,Travel_Rarely,Sales,Life Sciences,Male,Sales Executive,Married,Yes
30,1341,20,3,2154,1,47,3,1,3,3440,20808,1,21,4,3,1,2,0,2,2,1,0,0,309,Travel_Rarely,Research & Development,Technical Degree,Male,Research Scientist,Married,Yes
46,971,23,3,2155,4,52,3,1,3,4124,21311,3,22,4,4,1,18,0,1,2,0,0,0,695,Travel_Rarely,Sales,Life Sciences,Male,Sales Executive,Married,No
41,1213,2,3,2156,4,94,3,2,4,5498,12071,6,16,3,4,1,18,4,4,13,10,2,8,346,Travel_Rarely,Research & Development,Medical,Male,Manufacturing Director,Single,Yes
30,1443,22,3,2157,3,56,2,2,4,4994,22704,6,20,3,3,1,6,2,2,3,2,0,0,180,Travel_Rarely,Research & Development,Medical,Female,Research Scientist,Married,Yes
32,1198,4,3,2158,2,84,3,1,2,3858,6396,1,20,3,4,1,2,3,3,2,0,0,0,267,Non-Travel,Research & Development,Life Sciences,Male,Healthcare Representative,Divorced,No
54,668,28,4,2159,1,50,3,1,4,4405,21189,2,16,3,2,1,16,3,2,9,7,0,0,1281,Travel_Rarely,Sales,Life Sciences,Male,Sales Executive,Single,Yes
33,1117,9,4,2160,4,52,3,1,3,3961,26358,8,18,3,3,1,10,2,3,5,3,1,2,50,Travel_Rarely,Research & Development,Life Sciences,Male,Laboratory Technician,Single,Yes
41,450,15,2,2161,3,96,2,3,4,11411,17416,0,15,3,2,1,12,3,3,11,9,2,8,1040,Non-Travel,Research & Development,Medical,Male,Research Director,Divorced,No
45,871,22,5,2162,1,53,3,3,4,15323,17617,2,15,3,2,0,16,2,3,2,0,0,0,784,Travel_Rarely,Research & Development,Life Sciences,Female,Healthcare Representative,Married,No
43,1179,9,5,2163,4,70,2,2,4,5621,16092,8,15,3,4,1,6,4,1,4,2,0,2,1297,Travel_Rarely,Human Resources,Medical,Female,Human Resources,Married,Yes
28,1286,5,1,2164,1,55,2,1,4,4125,12908,0,18,3,4,0,7,2,2,5,2,3,4,35,Travel_Rarely,Research & Development,Medical,Female,Research Scientist,Divorced,No
36,591,3,1,2165,3,46,3,2,2,4925,21841,0,14,3,1,2,5,3,2,4,2,1,2,750,Travel_Rarely,Sales,Medical,Female,Sales Executive,Married,Yes
38,617,8,4,2166,3,103,3,1,3,5139,9535,1,18,3,2,0,7,2,1,5,4,1,4,989,Travel_Rarely,Research & Development,Life Sciences,Male,Research Scientist,Married,Yes
49,327,9,4,2167,2,71,3,1,3,3203,7976,4,13,3,3,0,8,2,3,3,2,2,0,1069,Travel_Rarely,Research & Development,Life Sciences,Male,Research Scientist,Divorced,No
52,1333,27,3,2168,4,52,3,3,1,16098,23610,4,13,3,2,0,24,2,3,4,2,1,2,1383,Non-Travel,Research & Development,Life Sciences,Male,Laboratory Technician,Married,No
34,401,3,3,2169,3,102,2,2,4,4989,17552,1,20,3,1,2,11,3,3,11,9,9,7,1287,Travel_Rarely,Research & Development,Medical,Male,Healthcare Representative,Married,No
46,684,2,5,2170,1,47,3,2,4,6378,12656,4,13,3,3,0,14,3,3,10,7,0,2,1208,Travel_Rarely,Research & Development,Medical,Male,Laboratory Technician,Married,No
41,1074,4,4,2171,2,51,3,2,4,7354,7581,7,13,3,3,0,18,1,3,2,0,0,0,672,Travel_Rarely,Sales,Medical,Female,Sales Executive,Single,No
31,764,9,3,2172,4,65,3,1,2,3132,8490,6,19,3,4,1,7,1,1,3,2,2,2,1278,Travel_Rarely,Research & Development,Life Sciences,Male,Healthcare Representative,Married,Yes
41,1051,3,2,2173,2,42,3,2,1,7382,20889,3,16,3,4,1,11,3,3,7,7,1,7,675,Travel_Rarely,Sales,Life Sciences,Male,Sales Representative,Married,No
35,288,23,1,2174,4,41,3,2,4,5937,9133,2,21,4,4,0,10,3,2,5,4,1,4,888,Non-Travel,Sales,Marketing,Female,Sales Executive,Married,Yes
33,250,26,3,2175,2,45,3,3,4,8033,25543,1,22,4,4,2,10,3,2,10,4,1,8,1262,Travel_Frequently,Research & Development,Technical Degree,Male,Research Scientist,Married,Yes
45,383,3,3,2176,4,64,2,1,1,3629,10362,0,13,3,3,1,10,4,3,9,6,6,7,331,Non-Travel,Sales,Marketing,Male,Sales Executive,Married,Yes
26,1274,18,1,2177,3,85,3,1,4,3393,14024,1,24,4,1,1,3,5,3,3,2,2,2,1326,Travel_Rarely,Sales,Marketing,Male,Sales Executive,Single,Yes
56,241,2,2,2178,1,76,3,3,4,10302,19631,3,15,3,4,1,23,4,3,2,0,1,0,580,Travel_Rarely,Sales,Life Sciences,Female,Sales Representative,Married,No
49,1002,5,2,2179,4,88,3,2,4,4999,10880,1,18,3,3,0,10,0,3,9,0,0,7,402,Travel_Rarely,Sales,Technical Degree,Female,Sales Executive,Single,No
40,576,4,3,2180,3,46,3,3,3,9599,11831,1,16,3,3,1,10,2,3,10,7,6,7,1204,Travel_Frequently,Sales,Medical,Female,Sales Representative,Married,Yes
31,1259,3,4,2181,4,43,3,1,1,3409,21122,1,14,3,4,1,2,5,3,2,0,0,0,1424,Travel_Rarely,Research & Development,Medical,Male,Research Scientist,Single,No
39,964,9,2,2182,2,57,2,2,2,9087,15809,2,13,3,3,1,13,2,3,4,2,0,2,213,Travel_Rarely,Research & Development,Life Sciences,Male,Research Director,Married,No
50,391,7,3,2183,1,101,2,2,3,5066,15060,2,14,3,4,0,18,0,3,3,2,2,2,376,Travel_Rarely,Sales,Life Sciences,Female,Sales Executive,Married,No
32,826,3,4,2184,2,86,3,2,2,5537,6401,1,21,4,1,0,9,2,3,8,7,6,5,381,Travel_Rarely,Sales,Technical Degree,Male,Sales Representative,Married,No
53,1408,11,2,2185,4,87,2,3,2,12836,25464,3,17,3,2,0,27,1,2,5,2,0,3,257,Travel_Rarely,Research & Development,Medical,Male,Research Director,Divorced,No
32,315,3,3,2186,4,60,2,1,4,4741,16074,1,13,3,2,1,3,2,3,3,2,2,2,302,Travel_Rarely,Research & Development,Medical,Male,Healthcare Representative,Single,No
37,505,3,4,2187,3,101,3,2,4,7202,8667,1,13,3,4,0,14,2,4,14,10,4,10,1113,Non-Travel,Research & Development,Technical Degree,Male,Research Scientist,Married,No
31,1261,19,3,2188,4,94,3,2,3,10077,14873,1,15,3,4,0,8,2,3,7,7,0,7,365,Non-Travel,Research & Development,Medical,Female,Manufacturing Director,Married,No
32,718,2,3,2189,4,89,3,1,1,3181,7352,2,13,3,2,0,6,2,2,4,2,1,2,642,Travel_Rarely,Sales,Marketing,Male,Sales Representative,Married,No
44,980,4,3,2190,3,65,2,2,2,9166,14240,2,13,3,3,1,14,4,3,5,4,0,4,1365,Travel_Frequently,Sales,Technical Degree,Male,Sales Representative,Single,No
37,1401,2,5,2191,2,51,3,1,4,3714,10043,1,13,3,4,1,10,4,2,10,8,7,7,1350,Travel_Rarely,Sales,Medical,Female,Sales Executive,Single,No
45,322,2,4,2192,2,99,3,1,1,3614,21834,3,17,3,2,1,9,4,3,5,2,1,2,122,Travel_Rarely,Research & Development,Life Sciences,Female,Research Scientist,Married,Yes
39,443,17,2,2193,3,43,2,2,2,6172,18463,2,17,3,3,1,12,1,1,4,2,1,3,1384,Travel_Rarely,Sales,Marketing,Male,Sales Executive,Single,No
43,938,15,3,2194,1,85,2,3,3,10473,26715,1,14,3,4,1,18,2,3,17,14,12,11,1312,Travel_Rarely,Human Resources,Human Resources,Male,Human Resources,Married,No
43,866,3,1,2195,4,91,2,1,4,3410,24076,0,21,4,4,0,6,2,2,4,2,2,3,452,Travel_Rarely,Sales,Other,Male,Sales Executive,Married,No
47,1222,7,4,2196,1,83,4,2,3,6981,7706,4,18,3,4,1,10,1,3,4,2,0,2,481,Travel_Rarely,Research & Development,Life Sciences,Male,Research Scientist,Married,Yes
37,325,14,3,2197,3,42,3,1,3,3616,5679,1,19,3,4,1,9,3,3,8,2,0,6,410,Travel_Rarely,Research & Development,Life Sciences,Female,Manufacturing Director,Single,No
56,273,19,2,2198,2,47,3,2,4,6092,17682,3,20,3,4,1,12,4,3,10,7,0,7,856,Travel_Rarely,Research & Development,Life Sciences,Male,Laboratory Technician,Single,No
41,1333,2,4,2199,4,91,3,2,2,5241,10021,0,16,3,1,1,16,3,3,14,12,4,7,1019,Travel_Rarely,Sales,Marketing,Female,Sales Executive,Married,No
36,884,6,2,2200,4,74,2,2,2,6496,17362,3,13,3,1,1,12,2,3,7,1,2,5,820,Travel_Frequently,Sales,Marketing,Male,Sales Executive,Divorced,No
35,435,8,2,2201,1,42,3,3,4,10785,10710,1,19,3,1,1,13,4,3,13,7,8,8,801,Travel_Frequently,Sales,Other,Male,Sales Executive,Single,Yes
35,1402,8,2,2202,4,100,4,1,2,3206,25620,8,19,3,4,0,9,3,3,4,2,0,2,462,Travel_Rarely,Sales,Life Sciences,Male,Sales Executive,Single,No
61,1204,16,4,2203,1,89,3,2,1,6083,13962,7,15,3,4,0,10,1,3,3,2,2,2,553,Travel_Rarely,Research & Development,Medical,Female,Research Scientist,Single,Yes
45,308,10,4,2204,3,43,3,1,4,3508,12814,0,20,3,1,0,10,4,3,8,7,1,7,567,Travel_Rarely,Sales,Other,Male,Sales Executive,Single,No
28,748,11,2,2205,1,100,4,2,3,4866,10568,0,19,3,4,1,6,4,2,4,2,1,3,278,Travel_Frequently,Research & Development,Life Sciences,Female,Manufacturing Director,Divorced,No
52,933,2,4,2206,2,98,3,2,3,7238,16104,6,13,3,4,1,12,3,3,6,3,0,1,245,Travel_Frequently,Research & Development,Medical,Male,Research Director,Divorced,No
34,1402,21,4,2207,3,76,3,3,1,8707,5659,0,13,3,3,0,10,3,3,9,7,6,7,1123,Travel_Rarely,Research & Development,Medical,Female,Healthcare Representative,Single,Yes
35,770,10,3,2208,3,50,3,3,3,10993,27691,4,21,4,3,1,13,2,4,11,7,4,7,1469,Travel_Rarely,Research & Development,Medical,Male,Laboratory Technician,Married,No
32,1206,2,3,2209,3,87,3,1,4,3150,8086,1,13,3,3,1,6,5,4,5,3,0,3,1200,Travel_Rarely,Human Resources,Life Sciences,Female,Human Resources,Divorced,Yes
57,327,8,4,2210,4,102,3,4,2,18574,6699,6,15,3,1,0,34,4,3,7,3,6,7,465,Travel_Frequently,Research & Development,Medical,Female,Healthcare Representative,Married,No
36,599,10,3,2211,2,55,2,2,4,5452,6970,3,15,3,3,0,10,5,2,7,7,0,1,1211,Travel_Frequently,Sales,Medical,Male,Sales Executive,Divorced,No
56,300,8,1,2212,4,47,2,3,2,13215,26524,1,16,3,4,1,32,3,3,31,8,13,0,1034,Travel_Rarely,Research & Development,Medical,Male,Healthcare Representative,Divorced,Yes
34,1462,2,3,2213,4,70,3,1,2,4489,11613,0,22,4,1,1,12,2,3,11,8,4,7,1093,Travel_Frequently,Research & Development,Life Sciences,Male,Healthcare Representative,Married,Yes
29,923,18,2,2214,3,46,2,1,2,3472,20279,1,19,3,3,2,2,2,3,2,0,0,0,1189,Travel_Rarely,Sales,Medical,Male,Sales Executive,Divorced,No
41,452,10,2,2215,1,103,3,2,4,6029,8501,1,13,3,3,1,10,1,3,10,7,1,8,286,Travel_Frequently,Research & Development,Life Sciences,Male,Laboratory Technician,Divorced,Yes
45,401,3,3,2216,4,50,3,3,4,10202,20108,2,15,3,3,1,23,3,1,19,7,11,8,289,Travel_Rarely,Research & Development,Life Sciences,Female,Research Scientist,Single,No
30,566,23,3,2217,3,73,1,1,4,3408,24337,1,19,3,2,0,2,3,1,2,0,0,0,222,Travel_Frequently,Research & Development,Other,Male,Research Director,Divorced,Yes
45,883,7,3,2218,1,86,2,4,3,18290,23718,6,14,3,4,0,20,2,3,15,11,5,13,168,Travel_Rarely,Sales,Life Sciences,Female,Sales Executive,Single,No
49,631,3,4,2219,3,92,3,2,2,5710,6252,6,13,3,4,1,5,3,1,2,0,0,0,1186,Travel_Frequently,Sales,Other,Male,Sales Executive,Single,Yes
37,305,2,4,2220,2,78,4,1,4,4228,15457,2,17,3,3,0,10,2,3,4,2,1,3,249,Travel_Frequently,Research & Development,Life Sciences,Male,Manufacturing Director,Married,No
45,515,24,3,2221,3,84,2,3,4,10790,7844,5,14,3,3,1,18,4,3,2,0,0,0,1219,Travel_Rarely,Research & Development,Medical,Female,Laboratory Technician,Married,No
55,1012,2,4,2222,4,61,3,3,3,10532,11880,6,18,3,1,1,31,2,1,5,4,1,4,389,Travel_Rarely,Research & Development,Life Sciences,Male,Manufacturing Director,Single,Yes
48,1074,18,1,2223,1,91,3,3,3,10553,11260,5,13,3,4,0,26,3,2,3,2,1,2,641,Travel_Frequently,Sales,Life Sciences,Male,Sales Executive,Married,No
45,461,10,4,2224,3,48,3,1,3,3928,8665,3,22,4,2,1,10,1,2,6,3,3,3,170,Travel_Rarely,Research & Development,Technical Degree,Male,Research Scientist,Married,Yes
43,676,9,4,2225,2,93,3,3,3,13147,15669,8,18,3,3,0,19,3,2,17,7,2,12,680,Travel_Rarely,Research & Development,Other,Male,Research Scientist,Single,No
45,655,8,3,2226,2,73,3,4,4,17451,17915,1,14,3,2,1,23,4,2,23,7,12,8,59,Travel_Rarely,Research & Development,Life Sciences,Male,Manufacturing Director,Divorced,No
51,560,7,1,2227,3,51,2,3,3,13555,13712,2,20,3,2,1,28,3,3,14,10,2,11,374,Travel_Rarely,Sales,Life Sciences,Male,Sales Executive,Single,No
26,1274,4,4,2228,3,57,2,1,4,3856,6884,0,13,3,2,1,2,4,3,1,0,0,0,1,Travel_Frequently,Research & Development,Life Sciences,Male,Research Scientist,Married,No
37,1316,3,4,2229,4,69,2,1,3,3781,10738,3,13,3,3,1,14,3,3,7,3,4,7,31,Travel_Rarely,Research & Development,Other,Male,Healthcare Representative,Married,Yes
44,600,7,2,2230,2,52,4,1,3,4312,20339,1,14,3,3,0,10,3,3,10,6,0,7,447,Travel_Rarely,Sales,Marketing,Male,Sales Executive,Married,No
50,779,7,2,2231,4,99,3,1,3,3683,13793,2,13,3,3,1,18,3,3,9,7,6,7,817,Non-Travel,Research & Development,Life Sciences,Male,Manufacturing Director,Single,No
31,698,5,3,2232,2,82,3,1,3,3389,19370,1,20,3,3,0,2,2,3,2,1,0,0,752,Travel_Rarely,Research & Development,Life Sciences,Female,Laboratory Technician,Single,No
39,939,16,4,2233,3,52,4,1,1,3760,10602,1,17,3,3,0,18,1,3,16,12,13,13,423,Non-Travel,Sales,Other,Female,Sales Executive,Married,No
41,292,2,3,2234,3,86,3,3,3,8227,17154,4,15,3,4,0,10,4,4,2,0,0,0,1423,Travel_Rarely,Research & Development,Life Sciences,Male,Research Scientist,Single,No
47,1077,19,3,2235,2,99,1,3,1,10836,21258,2,19,3,2,1,23,2,3,7,7,0,7,1427,Travel_Rarely,Research & Development,Life Sciences,Male,Laboratory Technician,Married,No
35,421,19,3,2236,2,93,3,2,3,5029,20119,1,13,3,1,1,10,2,3,10,7,0,2,1106,Travel_Rarely,Sales,Life Sciences,Male,Sales Executive,Married,No
39,260,7,3,2237,2,63,4,1,4,4017,23224,3,13,3,2,0,6,3,3,2,0,0,0,507,Travel_Rarely,Sales,Medical,Female,Sales Executive,Married,No
27,716,9,3,2238,4,43,3,1,1,2928,27777,1,20,3,1,1,2,3,2,2,0,1,0,539,Travel_Rarely,Sales,Marketing,Male,Sales Representative,Married,No
37,414,3,4,2239,3,81,3,1,3,3313,13401,6,19,3,4,1,7,3,3,4,3,1,2,631,Travel_Rarely,Research & Development,Life Sciences,Male,Laboratory Technician,Married,Yes
42,792,23,1,2240,2,67,2,3,4,11866,11116,0,13,3,1,1,20,2,2,19,8,8,6,1393,Travel_Rarely,Sales,Marketing,Male,Sales Executive,Single,No
46,484,23,3,2241,1,58,1,1,3,4602,4936,2,15,3,3,0,10,4,3,5,2,1,4,957,Non-Travel,Research & Development,Life Sciences,Male,Research Scientist,Divorced,No
31,1347,21,3,2242,1,66,2,1,2,3864,20975,1,13,3,1,0,2,2,3,2,0,0,0,969,Travel_Rarely,Research & Development,Life Sciences,Male,Manufacturing Director,Single,No
42,923,9,2,2243,1,92,3,2,1,5861,14321,1,25,4,4,1,10,3,3,10,0,6,8,755,Travel_Rarely,Sales,Life Sciences,Female,Manager,Married,No
40,739,11,3,2244,2,56,3,3,4,12000,12245,1,15,3,3,2,10,1,3,10,7,0,7,320,Travel_Rarely,Sales,Life Sciences,Male,Sales Executive,Single,Yes
40,402,20,3,2245,2,72,4,1,1,4476,24120,1,13,3,1,1,9,3,2,8,7,1,7,101,Travel_Rarely,Research & Development,Life Sciences,Male,Research Scientist,Single,No
40,1259,8,2,2246,3,93,3,2,2,4919,14796,2,14,3,3,0,18,4,2,10,0,4,7,804,Non-Travel,Research & Development,Medical,Male,Manager,Single,No
52,648,8,2,2247,2,59,3,2,3,7297,24557,3,15,3,1,1,18,4,3,4,3,1,3,73,Travel_Rarely,Research & Development,Life Sciences,Male,Research Scientist,Married,No
32,618,3,4,2248,1,84,3,1,3,4407,16729,2,13,3,3,0,6,4,1,1,0,0,0,1022,Non-Travel,Research & Development,Technical Degree,Male,Laboratory Technician,Single,No
48,1035,2,2,2249,4,53,3,1,1,4353,24102,6,13,3,3,0,10,3,4,7,6,4,7,1298,Travel_Rarely,Research & Development,Medical,Female,Healthcare Representative,Married,No
53,991,4,3,2250,1,61,3,3,3,12813,24127,2,13,3,4,0,15,2,3,3,2,2,2,1408,Travel_Rarely,Research & Development,Other,Male,Laboratory Technician,Single,No
29,268,4,1,2251,3,101,3,2,1,5026,16203,1,19,3,4,0,6,3,3,5,3,0,3,705,Travel_Rarely,Sales,Life Sciences,Male,Sales Executive,Single,No
38,1207,11,2,2252,4,62,3,2,4,5702,20006,1,13,3,4,1,6,3,3,5,2,0,2,1169,Travel_Rarely,Research & Development,Medical,Female,Research Scientist,Married,No
56,1166,2,4,2253,2,86,4,3,4,14223,14412,2,14,3,4,1,29,4,4,7,7,0,0,831,Travel_Frequently,Research & Development,Medical,Male,Laboratory Technician,Married,No
28,571,23,3,2254,4,58,3,1,2,4505,8893,7,22,4,4,0,7,2,3,4,3,1,2,572,Travel_Rarely,Research & Development,Medical,Female,Healthcare Representative,Married,No
33,673,5,3,2255,4,95,2,1,1,3206,12200,1,14,3,3,1,2,2,3,2,0,0,0,1358,Travel_Rarely,Sales,Medical,Female,Sales Executive,Divorced,Yes
49,1189,2,1,2256,3,101,3,3,2,11801,18839,0,19,3,1,1,14,3,1,13,7,4,11,262,Travel_Rarely,Research & Development,Technical Degree,Male,Laboratory Technician,Single,No
40,1058,2,2,2257,3,88,2,1,1,4787,20187,2,15,3,1,1,17,2,2,4,1,0,2,1283,Travel_Rarely,Research & Development,Life Sciences,Male,Research Scientist,Married,No
56,1441,21,3,2258,1,98,2,1,2,4453,24819,5,13,3,4,1,9,1,3,4,2,1,2,1407,Travel_Rarely,Research & Development,Life Sciences,Male,Healthcare Representative,Single,No
26,697,4,1,2259,2,44,3,2,3,5006,12214,0,20,3,1,1,5,3,4,4,2,0,2,749,Travel_Rarely,Sales,Marketing,Female,Manager,Married,No
36,731,6,3,2260,4,44,2,3,4,7579,22500,4,16,3,3,1,10,2,3,4,2,1,2,1161,Travel_Rarely,Research & Development,Medical,Female,Manufacturing Director,Married,Yes
26,948,9,2,2261,1,49,3,1,4,3644,5623,1,24,4,3,0,4,3,2,4,2,2,2,1057,Travel_Frequently,Sales,Technical Degree,Female,Sales Executive,Single,No
42,1388,3,3,2262,4,51,2,2,4,5908,10162,7,13,3,3,1,13,2,3,5,4,0,4,1193,Travel_Frequently,Research & Development,Medical,Female,Laboratory Technician,Single,No
40,746,18,3,2263,3,90,3,2,3,6400,27352,3,18,3,1,2,10,2,2,4,3,0,2,798,Travel_Rarely,Research & Development,Medical,Male,Research Scientist,Single,Yes
33,557,2,3,2264,4,76,4,2,3,6859,24196,7,13,3,4,0,10,4,4,4,2,0,2,781,Travel_Rarely,Research & Development,Medical,Male,Laboratory Technician,Married,No
34,1054,6,4,2265,2,81,2,1,4,4648,5184,8,13,3,2,1,10,3,2,5,4,0,3,84,Travel_Rarely,Research & Development,Medical,Male,Manufacturing Director,Married,No
59,399,3,4,2266,4,42,3,4,2,18163,26679,6,13,3,4,0,37,2,3,29,14,11,7,825,Travel_Rarely,Research & Development,Medical,Male,Manufacturing Director,Married,Yes
27,477,2,2,2267,4,56,3,1,3,2433,18536,1,22,4,4,1,2,2,3,2,0,0,1,513,Travel_Rarely,Research & Development,Medical,Male,Research Scientist,Single,Yes
57,891,9,3,2268,3,86,3,3,4,11056,21770,6,13,3,3,0,28,1,2,10,7,1,1,516,Travel_Rarely,Research & Development,Medical,Male,Research Scientist,Married,No
38,1245,7,4,2269,3,63,3,2,4,5908,15489,1,13,3,4,0,10,2,3,10,7,0,8,1311,Non-Travel,Research & Development,Medical,Female,Research Scientist,Single,No
27,1262,7,3,2270,3,70,4,1,1,2763,6169,1,22,4,3,1,2,2,3,1,0,0,0,684,Travel_Rarely,Sales,Marketing,Male,Sales Executive,Divorced,No
35,861,7,2,2271,3,57,2,3,3,9171,15901,1,24,4,1,1,10,2,3,10,8,7,8,1451,Travel_Rarely,Sales,Life Sciences,Female,Sales Executive,Married,No
36,670,10,1,2272,1,48,1,1,4,4340,9165,6,14,3,1,2,9,2,3,4,3,1,3,585,Travel_Rarely,Research & Development,Life Sciences,Male,Laboratory Technician,Married,Yes
31,579,8,3,2273,2,91,4,1,3,4435,23673,6,18,3,1,0,6,0,3,4,2,0,2,1299,Travel_Rarely,Research & Development,Life Sciences,Female,Healthcare Representative,Divorced,No
60,1335,4,3,2274,3,86,4,1,1,3696,12160,4,21,4,1,2,12,3,2,2,0,0,0,1411,Travel_Rarely,Human Resources,Human Resources,Female,Human Resources,Married,No
36,973,2,5,2275,1,99,4,3,3,15491,23753,4,20,3,3,1,10,2,3,6,1,0,5,941,Travel_Rarely,Research & Development,Technical Degree,Female,Laboratory Technician,Married,No
39,597,4,3,2276,3,41,3,2,2,5280,27161,4,13,3,4,0,10,2,3,8,0,6,7,1051,Travel_Frequently,Sales,Marketing,Female,Sales Executive,Married,No
46,1327,4,4,2277,4,45,3,4,4,18396,11603,4,13,3,1,1,25,2,4,3,2,0,1,403,Travel_Rarely,Sales,Marketing,Male,Sales Executive,Married,No
41,887,2,4,2278,2,43,4,2,4,8021,20817,0,14,3,3,0,10,4,2,9,7,1,7,689,Travel_Rarely,Research & Development,Technical Degree,Male,Laboratory Technician,Single,No
43,1399,25,3,2279,2,62,3,2,2,6258,10818,1,13,3,1,1,19,2,3,19,7,2,12,569,Non-Travel,Sales,Life Sciences,Male,Sales Executive,Single,No
39,909,6,4,2280,2,87,2,1,1,4350,15017,8,15,3,4,1,7,3,4,2,1,0,0,1000,Travel_Rarely,Research & Development,Other,Female,Laboratory Technician,Married,No
35,622,19,3,2281,1,73,3,3,3,9940,24057,3,13,3,1,0,12,2,3,2,0,0,0,154,Travel_Frequently,Sales,Marketing,Female,Sales Executive,Single,No
36,1021,25,4,2282,3,103,3,2,4,5263,14095,0,19,3,1,0,5,2,3,4,2,2,2,174,Travel_Rarely,Sales,Life Sciences,Female,Sales Executive,Divorced,Yes
48,651,7,2,2283,4,81,3,3,3,10831,25252,6,14,3,2,1,13,3,3,8,7,0,7,1050,Travel_Frequently,Research & Development,Medical,Female,Laboratory Technician,Single,No
33,1384,13,2,2284,4,55,2,2,2,4879,24765,4,14,3,1,1,10,2,3,4,3,0,3,783,Travel_Rarely,Research & Development,Technical Degree,Female,Research Scientist,Married,No
51,616,8,2,2285,1,59,3,3,2,7827,23661,4,13,3,3,1,27,3,2,24,8,1,7,351,Travel_Rarely,Research & Development,Medical,Female,Laboratory Technician,Married,No
44,1229,22,2,2286,4,85,3,3,3,7547,13656,3,17,3,4,0,20,2,3,3,0,0,2,254,Travel_Rarely,Sales,Marketing,Male,Sales Executive,Divorced,No
37,871,8,2,2287,2,96,4,2,3,7300,23340,1,22,4,3,1,10,4,3,10,7,4,7,203,Travel_Rarely,Research & Development,Medical,Male,Laboratory Technician,Married,Yes
36,668,10,3,2288,1,64,3,1,3,4362,18958,6,14,3,1,1,10,3,2,5,2,1,3,1198,Non-Travel,Sales,Life Sciences,Female,Sales Executive,Divorced,Yes
57,788,5,4,2289,4,96,3,4,1,18771,20074,4,14,3,4,1,26,2,3,5,2,4,2,344,Travel_Rarely,Research & Development,Technical Degree,Male,Manufacturing Director,Single,No
34,963,2,2,2290,4,82,3,1,2,4637,6750,1,14,3,3,0,12,5,2,12,7,1,7,176,Travel_Rarely,Research & Development,Life Sciences,Male,Research Scientist,Single,No
38,576,5,4,2291,3,92,3,2,3,5074,5475,1,13,3,2,0,10,3,3,9,6,1,1,1380,Travel_Rarely,Sales,Medical,Male,Sales Executive,Married,No
55,881,6,2,2292,1,91,3,4,1,18303,10823,4,13,3,3,1,23,4,2,4,2,1,2,597,Travel_Rarely,Research & Development,Life Sciences,Female,Manufacturing Director,Married,Yes
49,1202,25,4,2293,4,101,3,4,3,18523,7800,3,13,3,3,1,26,2,3,5,2,1,0,581,Travel_Rarely,Research & Development,Life Sciences,Male,Laboratory Technician,Married,No
33,807,9,5,2294,2,41,2,1,4,4842,10007,0,18,3,3,0,5,2,3,4,2,2,2,436,Travel_Rarely,Research & Development,Medical,Male,Laboratory Technician,Divorced,No
59,687,20,3,2295,4,78,3,3,4,16966,13812,4,14,3,3,1,27,2,2,2,0,0,0,484,Travel_Rarely,Sales,Medical,Male,Sales Executive,Divorced,No
52,1254,19,5,2296,2,51,3,3,3,11180,22017,2,16,3,3,1,30,3,3,28,7,11,12,794,Travel_Frequently,Research & Development,Life Sciences,Male,Healthcare Representative,Single,No
43,474,8,2,2297,2,96,3,2,1,7053,7636,2,17,3,2,1,18,3,3,2,0,0,0,497,Travel_Rarely,Research & Development,Other,Male,Manager,Married,Yes
35,1252,7,4,2298,3,49,3,3,4,7600,26635,1,15,3,3,0,11,2,2,11,8,4,9,380,Travel_Rarely,Sales,Marketing,Female,Sales Executive,Divorced,Yes
43,641,3,3,2299,2,84,2,2,3,4375,15351,6,22,4,2,1,19,3,3,2,0,0,0,310,Travel_Rarely,Human Resources,Human Resources,Male,Human Resources,Married,No
49,775,14,4,2300,4,51,3,2,1,5695,13871,2,13,3,4,0,19,2,3,7,7,1,7,1252,Travel_Rarely,Research & Development,Medical,Male,Research Scientist,Married,Yes
47,1455,7,3,2301,1,88,3,1,3,5273,21476,4,20,3,3,1,8,2,2,4,2,0,2,744,Travel_Rarely,Research & Development,Medical,Female,Healthcare Representative,Married,No
36,1010,2,2,2302,1,44,1,2,2,7244,14167,6,16,3,2,0,10,2,3,1,0,0,0,759,Travel_Rarely,Human Resources,Medical,Male,Human Resources,Single,No
42,585,12,3,2303,4,73,3,2,2,5987,10073,4,22,4,3,0,8,3,3,5,4,1,0,1134,Travel_Rarely,Research & Development,Life Sciences,Male,Laboratory Technician,Married,No
47,478,19,3,2304,4,59,3,2,3,5599,24447,7,16,3,3,0,9,3,3,5,3,0,1,469,Non-Travel,Sales,Other,Male,Sales Executive,Married,No
42,613,18,2,2305,1,42,3,2,3,5323,15274,0,13,3,1,0,10,5,3,8,7,1,7,459,Non-Travel,Research & Development,Other,Female,Healthcare Representative,Single,Yes
38,747,24,3,2306,4,84,2,3,2,10881,11393,3,17,3,1,0,16,2,3,13,9,4,7,397,Travel_Rarely,Sales,Life Sciences,Female,Sales Executive,Single,Yes
31,674,3,3,2307,4,92,3,1,4,3617,8790,2,14,3,3,0,7,0,2,4,2,1,2,1038,Travel_Rarely,Sales,Marketing,Male,Sales Executive,Divorced,No
41,677,3,2,2308,3,81,2,1,2,3520,17674,4,15,3,2,1,10,4,2,6,1,0,5,514,Travel_Frequently,Research & Development,Life Sciences,Male,Research Scientist,Single,Yes
34,910,7,4,2309,3,58,3,2,3,4412,13396,1,14,3,1,2,10,4,2,10,7,7,8,137,Travel_Rarely,Sales,Life Sciences,Female,Sales Executive,Married,No
39,1360,25,4,2310,1,85,3,2,3,6032,9821,6,15,3,2,1,10,2,2,4,2,0,2,1279,Travel_Frequently,Research & Development,Medical,Male,Research Scientist,Divorced,Yes
37,707,8,3,2311,2,87,4,2,3,5209,12403,2,13,3,1,0,7,3,4,4,3,1,2,715,Travel_Frequently,Research & Development,Other,Female,Healthcare Representative,Married,Yes
31,1449,4,3,2312,3,84,2,1,3,3605,26279,1,16,3,4,1,2,2,2,2,1,0,1,1457,Travel_Rarely,Research & Development,Medical,Female,Research Scientist,Married,No
34,1202,19,3,2313,3,90,3,2,1,10056,11363,0,16,3,3,1,8,1,2,6,2,0,2,1461,Travel_Rarely,Sales,Marketing,Male,Sales Executive,Divorced,Yes
56,895,3,4,2314,2,101,2,1,4,3689,10332,7,21,4,2,1,18,2,4,5,2,0,4,1242,Travel_Rarely,Sales,Medical,Male,Manager,Single,No
54,836,3,4,2315,1,84,2,4,3,18008,22331,1,19,3,4,0,31,2,4,31,7,13,11,1005,Travel_Rarely,Human Resources,Other,Male,Human Resources,Single,No
49,1044,5,3,2316,3,96,2,3,2,10384,20714,7,13,3,3,1,26,4,3,21,10,12,9,662,Travel_Rarely,Sales,Medical,Female,Sales Representative,Single,No
46,1132,6,3,2317,2,93,3,4,2,17261,11045,6,13,3,3,1,25,4,3,21,8,3,9,510,Travel_Rarely,Human Resources,Medical,Male,Human Resources,Married,No
35,1290,9,1,2318,3,43,3,3,2,10659,16232,1,25,4,4,1,13,5,4,13,7,0,7,0,Travel_Rarely,Sales,Life Sciences,Female,Sales Executive,Single,Yes
52,437,2,3,2319,3,91,2,1,3,4586,6150,2,16,3,4,1,6,2,2,4,2,0,2,690,Travel_Rarely,Research & Development,Medical,Female,Healthcare Representative,Married,Yes
38,414,26,3,2320,3,89,3,2,4,6439,15403,1,19,3,4,0,10,2,3,10,7,6,7,559,Travel_Rarely,Research & Development,Medical,Male,Research Scientist,Married,Yes
32,1118,28,1,2321,3,100,1,2,2,7081,5919,1,15,3,2,1,9,2,2,8,6,1,7,1335,Travel_Rarely,Research & Development,Other,Male,Research Scientist,Divorced,No
54,944,24,4,2322,3,86,2,3,4,13433,20491,3,22,4,3,0,29,3,3,9,7,0,0,1018,Travel_Rarely,Research & Development,Life Sciences,Male,Laboratory Technician,Single,No
41,278,10,3,2323,3,90,3,2,4,6311,21291,1,14,3,2,0,7,1,3,5,3,1,3,1144,Travel_Frequently,Sales,Other,Male,Sales Executive,Single,No
28,764,22,3,2324,2,93,4,1,4,3744,22882,1,13,3,2,1,7,3,3,6,5,1,4,422,Travel_Rarely,Human Resources,Technical Degree,Male,Human Resources,Single,No
32,1425,2,3,2325,1,78,2,1,3,2730,14519,1,15,3,4,1,2,2,1,2,0,0,0,1197,Travel_Rarely,Sales,Life Sciences,Male,Sales Representative,Single,No
32,1314,17,2,2326,3,84,3,2,1,5344,15442,1,13,3,4,1,10,2,3,10,0,1,7,638,Travel_Rarely,Sales,Marketing,Male,Sales Executive,Married,No
48,1173,7,4,2327,3,41,3,2,3,5955,17748,2,15,3,3,0,8,2,4,2,0,0,0,773,Travel_Rarely,Research & Development,Medical,Female,Manufacturing Director,Single,No
45,976,20,2,2328,3,46,3,2,3,5961,18111,2,17,3,2,1,11,4,3,5,3,0,2,434,Travel_Rarely,Research & Development,Life Sciences,Male,Manufacturing Director,Divorced,No
40,1170,11,2,2329,1,68,1,2,2,5535,16221,5,16,3,1,0,15,2,1,2,0,0,0,303,Travel_Rarely,Sales,Technical Degree,Male,Sales Executive,Married,No
55,453,7,3,2330,4,91,3,2,4,3504,13038,2,18,3,4,0,18,4,3,3,2,2,2,356,Travel_Rarely,Research & Development,Other,Male,Healthcare Representative,Single,No
30,850,7,3,2331,4,82,3,1,4,3609,13963,1,21,4,3,0,8,4,3,7,7,4,7,669,Travel_Rarely,Research & Development,Medical,Male,Laboratory Technician,Married,Yes
31,1147,4,4,2332,1,62,2,1,4,3150,16949,0,14,3,4,0,6,0,3,4,2,1,1,230,Travel_Rarely,Research & Development,Life Sciences,Female,Laboratory Technician,Single,No
36,1175,15,4,2333,3,44,3,2,4,7184,18206,5,19,3,2,1,10,5,3,5,1,1,2,1269,Travel_Rarely,Human Resources,Life Sciences,Male,Human Resources,Single,No
23,364,8,1,2334,3,85,3,1,3,3027,15462,1,13,3,4,0,2,0,3,1,0,0,0,317,Travel_Rarely,Research & Development,Medical,Male,Research Scientist,Married,No
42,1153,7,3,2335,4,76,3,1,1,3464,6957,6,22,4,4,0,9,2,1,3,2,2,2,896,Travel_Rarely,Research & Development,Medical,Female,Healthcare Representative,Single,No
31,1383,3,3,2336,4,80,3,2,3,5274,7820,1,13,3,1,0,6,3,3,5,4,0,4,1188,Travel_Rarely,Sales,Medical,Male,Sales Executive,Divorced,Yes
34,1404,4,3,2337,3,61,3,1,4,3196,18382,4,16,3,3,1,10,3,1,5,3,1,4,1058,Travel_Rarely,Sales,Medical,Female,Sales Executive,Single,Yes
38,880,18,5,2338,2,57,4,2,1,5911,27185,1,13,3,4,0,16,2,3,15,14,1,9,97,Non-Travel,Sales,Medical,Male,Sales Executive,Married,No
58,506,2,2,2339,2,97,4,2,3,5642,5503,0,24,4,1,1,13,2,2,12,8,2,7,1363,Travel_Rarely,Sales,Marketing,Male,Sales Executive,Single,No
38,702,14,4,2340,3,49,2,1,2,4632,12261,1,24,4,4,1,6,2,1,4,2,0,2,198,Travel_Rarely,Research & Development,Life Sciences,Male,Manufacturing Director,Married,No
28,1378,10,4,2341,4,83,3,2,3,5084,8439,1,13,3,4,1,6,2,4,5,2,0,3,358,Non-Travel,Sales,Medical,Female,Sales Executive,Single,No
47,1447,28,3,2342,2,63,3,3,4,9552,16531,4,19,3,4,1,10,4,4,4,1,1,2,1431,Travel_Rarely,Sales,Marketing,Female,Sales Executive,Married,No
32,234,23,3,2343,3,59,2,1,3,3136,14902,5,15,3,2,0,7,4,3,4,2,0,3,1129,Travel_Rarely,Research & Development,Other,Male,Manager,Single,No
34,1034,7,3,2344,3,71,3,1,3,2478,9576,1,14,3,2,1,2,2,2,2,0,0,0,129,Travel_Rarely,Research & Development,Medical,Female,Manufacturing Director,Married,No
60,1123,2,2,2345,2,73,3,3,4,11755,13147,3,15,3,3,1,14,1,1,6,4,0,4,66,Travel_Frequently,Research & Development,Life Sciences,Male,Manufacturing Director,Single,No
48,788,13,4,2346,3,44,3,2,2,6220,11915,6,15,3,4,0,18,3,3,10,7,0,8,353,Travel_Rarely,Research & Development,Medical,Male,Research Scientist,Divorced,Yes
30,971,19,2,2347,4,76,3,1,2,3240,9334,0,13,3,3,0,7,3,3,5,1,1,4,214,Travel_Rarely,Research & Development,Technical Degree,Female,Research Scientist,Single,Yes
30,1102,3,2,2348,4,42,4,2,4,6141,6067,1,13,3,2,0,9,2,3,8,7,1,3,1267,Non-Travel,Sales,Life Sciences,Male,Sales Executive,Divorced,Yes
36,671,8,2,2349,3,72,2,2,2,5928,25634,1,13,3,4,0,13,2,3,13,11,10,8,632,Travel_Frequently,Research & Development,Medical,Male,Research Scientist,Single,Yes
25,927,7,3,2350,4,73,2,1,4,3919,21185,1,19,3,2,0,2,4,3,2,0,1,0,1183,Travel_Rarely,Research & Development,Life Sciences,Male,Healthcare Representative,Divorced,No
35,764,6,4,2351,3,91,3,1,4,5573,12264,0,13,3,3,1,7,4,3,5,2,0,3,1047,Travel_Frequently,Sales,Medical,Male,Sales Executive,Married,No
47,867,5,2,2352,3,65,3,2,2,5247,24291,1,13,3,2,0,10,4,2,9,7,0,7,195,Travel_Rarely,Research & Development,Life Sciences,Male,Research Scientist,Married,Yes
31,1466,2,2,2353,4,87,3,1,2,4696,19437,1,13,3,2,1,6,2,3,5,2,0,4,467,Non-Travel,Sales,Medical,Male,Sales Executive,Divorced,No
45,1117,26,3,2354,3,88,3,3,1,10809,13604,7,13,3,3,1,18,1,3,8,7,0,1,1273,Travel_Rarely,Research & Development,Medical,Female,Laboratory Technician,Married,Yes
32,538,20,3,2355,3,51,3,1,4,3733,9135,1,13,3,3,1,6,2,1,5,2,0,2,737,Travel_Rarely,Research & Development,Medical,Female,Manufacturing Director,Single,No
46,1325,7,3,2356,2,42,3,4,4,17991,6264,0,15,3,4,1,22,4,2,21,7,1,9,135,Travel_Rarely,Research & Development,Medical,Male,Manufacturing Director,Divorced,No
38,265,3,3,2357,2,47,3,2,2,5228,17695,5,13,3,4,0,10,4,3,6,2,1,2,2,Travel_Rarely,Research & Development,Other,Male,Laboratory Technician,Single,Yes
44,1135,2,2,2358,2,98,3,2,4,6596,20905,7,13,3,1,0,9,0,1,6,4,0,5,1329,Travel_Rarely,Human Resources,Medical,Male,Human Resources,Married,No
36,979,10,3,2359,4,63,3,2,4,6075,22949,1,13,3,4,0,10,2,2,10,7,0,7,461,Travel_Rarely,Sales,Medical,Female,Sales Executive,Single,No
44,382,10,2,2360,4,64,3,2,4,6803,15346,6,15,3,4,0,16,3,3,14,3,1,9,234,Travel_Rarely,Research & Development,Medical,Male,Laboratory Technician,Married,Yes
40,869,7,4,2361,3,70,3,1,1,3175,24737,4,22,4,4,0,8,3,3,4,2,0,2,990,Travel_Frequently,Sales,Life Sciences,Male,Sales Executive,Married,No
33,741,15,3,2362,3,67,3,1,4,3408,23841,1,20,3,1,0,7,1,3,6,5,1,5,355,Travel_Rarely,Sales,Life Sciences,Male,Sales Executive,Married,No
29,1296,7,1,2363,4,71,2,1,4,3887,27723,1,13,3,3,1,3,2,3,3,2,2,1,443,Travel_Frequently,Research & Development,Technical Degree,Male,Laboratory Technician,Single,No
26,1344,10,3,2364,3,46,2,1,1,2601,18864,1,14,3,1,0,2,5,2,2,0,1,0,938,Travel_Rarely,Research & Development,Life Sciences,Male,Research Scientist,Divorced,No
55,233,22,4,2365,4,78,3,3,4,13824,21573,6,19,3,3,0,31,0,3,12,8,3,7,954,Non-Travel,Research & Development,Life Sciences,Male,Manager,Married,Yes
38,642,22,2,2366,2,59,2,2,3,6529,17246,3,14,3,1,0,9,1,3,2,0,0,1,1284,Travel_Rarely,Research & Development,Medical,Male,Research Director,Single,No
37,1440,7,2,2367,2,63,3,1,3,3380,7547,0,25,4,2,1,12,4,3,11,9,4,7,571,Travel_Frequently,Research & Development,Life Sciences,Female,Laboratory Technician,Divorced,No
41,469,4,5,2368,4,42,3,2,3,5133,5118,3,21,4,2,0,18,2,3,4,2,2,2,475,Travel_Rarely,Sales,Marketing,Male,Sales Executive,Married,No
30,1389,4,4,2369,1,87,4,1,4,5223,15338,1,22,4,2,1,9,2,3,8,7,0,7,742,Travel_Rarely,Research & Development,Life Sciences,Male,Laboratory Technician,Married,No
36,273,5,4,2370,3,56,2,1,2,3654,15179,6,22,4,4,0,8,3,3,4,2,1,1,1231,Travel_Rarely,Research & Development,Life Sciences,Male,Healthcare Representative,Single,No
49,1246,3,4,2371,2,56,4,3,2,15306,22382,6,15,3,3,2,27,2,3,4,2,1,2,312,Travel_Rarely,Research & Development,Life Sciences,Male,Research Scientist,Divorced,Yes
40,1379,3,2,2372,4,96,2,1,3,3190,5205,6,16,3,2,0,8,3,3,1,0,0,0,927,Travel_Rarely,Research & Development,Life Sciences,Female,Manufacturing Director,Single,Yes
33,767,2,3,2373,4,92,2,3,4,15438,6149,3,15,3,2,1,10,2,2,7,7,1,7,1021,Travel_Rarely,Sales,Life Sciences,Male,Sales Representative,Married,No
53,1014,7,2,2374,2,50,2,1,3,3843,6915,0,15,3,2,0,9,5,2,7,0,6,7,655,Travel_Rarely,Human Resources,Human Resources,Male,Human Resources,Divorced,Yes
33,271,10,1,2375,4,49,2,2,2,8582,13908,1,15,3,1,1,8,2,3,7,7,1,7,614,Travel_Frequently,Research & Development,Medical,Female,Research Scientist,Married,Yes
33,1120,7,1,2376,1,69,2,1,4,3575,8567,6,15,3,3,2,9,4,3,4,3,0,3,1235,Travel_Rarely,Sales,Life Sciences,Male,Sales Executive,Divorced,Yes
28,665,9,3,2377,3,69,4,1,3,5207,19193,1,17,3,4,1,6,1,3,5,3,0,4,343,Travel_Rarely,Sales,Marketing,Female,Sales Executive,Divorced,Yes
39,421,7,3,2378,1,83,3,1,2,3123,13066,2,13,3,3,0,15,4,3,4,3,1,3,532,Travel_Rarely,Sales,Marketing,Male,Sales Executive,Single,No
39,973,4,2,2379,1,49,3,1,4,3840,5356,5,22,4,1,1,8,2,3,2,0,0,0,644,Travel_Rarely,Research & Development,Life Sciences,Male,Research Scientist,Married,Yes
33,1407,19,3,2380,3,89,3,1,4,3248,19733,1,16,3,2,1,4,4,3,4,1,0,2,1184,Travel_Rarely,Research & Development,Medical,Female,Manager,Married,No
48,276,3,4,2381,4,67,3,2,4,7806,19025,2,13,3,3,1,12,3,2,6,3,1,4,123,Travel_Rarely,Research & Development,Life Sciences,Male,Research Director,Single,No
36,246,13,4,2382,2,79,3,2,4,5208,11504,2,13,3,3,1,9,3,2,5,2,0,3,881,Travel_Frequently,Research & Development,Life Sciences,Female,Research Scientist,Single,Yes
43,957,18,2,2383,3,102,3,2,4,3758,18188,7,16,3,3,1,15,2,4,7,2,3,7,1426,Travel_Rarely,Research & Development,Life Sciences,Female,Laboratory Technician,Single,No
33,1405,7,1,2384,2,62,3,1,4,4098,27213,1,14,3,1,1,10,4,3,10,7,0,7,401,Travel_Frequently,Sales,Life Sciences,Female,Sales Executive,Married,No
36,1222,2,4,2385,3,103,2,1,1,3809,6071,3,13,3,2,0,7,1,3,4,2,0,2,1251,Travel_Rarely,Sales,Marketing,Male,Sales Executive,Divorced,No
35,1461,22,3,2386,2,71,2,2,4,6237,16245,0,22,4,2,1,10,2,3,9,0,6,7,535,Travel_Rarely,Human Resources,Human Resources,Male,Manager,Divorced,No
42,1123,7,3,2387,2,42,3,3,2,8676,11412,4,19,3,4,0,10,3,3,3,0,2,2,379,Travel_Rarely,Research & Development,Life Sciences,Female,Manager,Single,Yes
34,1047,4,3,2388,4,93,3,1,1,3685,10866,5,13,3,3,0,9,4,3,5,2,0,4,125,Travel_Rarely,Research & Development,Other,Female,Research Scientist,Married,No
37,774,16,4,2389,3,103,2,1,4,3594,10636,1,17,3,3,0,7,3,3,5,2,1,3,273,Travel_Rarely,Sales,Medical,Male,Sales Executive,Married,No
51,1264,18,4,2390,4,66,2,4,3,18386,4956,1,18,3,3,1,29,4,3,29,8,0,8,206,Travel_Rarely,Research & Development,Life Sciences,Male,Research Scientist,Divorced,Yes
37,1387,5,4,2391,3,78,3,2,3,7072,14712,8,16,3,1,1,7,3,3,4,2,1,2,917,Travel_Rarely,Sales,Marketing,Female,Sales Executive,Single,Yes
43,1225,3,1,2392,2,93,4,2,3,6931,15767,5,21,4,2,2,15,0,3,12,10,10,7,918,Travel_Frequently,Sales,Life Sciences,Male,Manager,Divorced,Yes
47,1311,2,4,2393,2,53,3,2,3,6078,16339,4,13,3,3,0,12,3,3,4,2,0,3,1415,Non-Travel,Research & Development,Medical,Male,Laboratory Technician,Divorced,No
54,1485,5,2,2394,4,41,3,3,4,15814,12478,2,14,3,4,0,29,2,1,5,2,1,4,1147,Travel_Rarely,Research & Development,Life Sciences,Female,Laboratory Technician,Married,No
32,805,25,3,2395,3,57,2,2,1,5489,25274,1,13,3,3,1,6,0,3,5,3,0,4,930,Travel_Frequently,Research & Development,Medical,Female,Laboratory Technician,Single,No
35,742,2,4,2396,2,59,1,1,3,2552,17849,1,13,3,2,0,2,3,3,2,0,0,0,1064,Travel_Rarely,Human Resources,Life Sciences,Male,Human Resources,Divorced,No
32,1051,2,3,2397,1,54,2,1,2,3631,9583,1,16,3,1,1,2,2,3,2,0,0,0,1086,Travel_Frequently,Research & Development,Medical,Male,Research Director,Single,Yes
38,699,2,3,2398,2,90,3,2,3,5482,20152,8,13,3,3,0,15,2,3,11,8,5,8,1128,Travel_Frequently,Research & Development,Life Sciences,Male,Laboratory Technician,Married,Yes
43,545,16,3,2399,3,89,3,3,4,8300,21336,6,16,3,4,0,18,2,2,4,2,3,3,394,Travel_Rarely,Research & Development,Medical,Female,Manufacturing Director,Married,No
31,1164,16,4,2400,3,47,3,1,2,3819,14111,8,15,3,2,1,5,2,3,3,2,2,2,566,Travel_Frequently,Sales,Life Sciences,Female,Sales Executive,Single,Yes
35,434,6,3,2401,2,80,3,2,1,10038,6483,0,20,3,2,0,10,2,3,9,4,1,7,149,Travel_Rarely,Research & Development,Medical,Female,Laboratory Technician,Single,No
40,1251,20,2,2402,3,62,3,1,4,3960,22507,5,16,3,2,1,10,3,3,5,4,0,0,929,Travel_Frequently,Research & Development,Life Sciences,Male,Laboratory Technician,Married,Yes
40,1213,4,3,2403,3,92,3,3,4,7849,16335,2,13,3,1,0,12,3,3,5,3,1,3,1463,Non-Travel,Research & Development,Medical,Male,Manufacturing Director,Single,No
49,1453,3,4,2404,4,72,2,1,4,4241,15077,1,19,3,1,0,4,3,2,4,2,1,2,281,Travel_Rarely,Sales,Life Sciences,Male,Sales Executive,Married,No
33,675,7,3,2405,4,67,3,1,1,3165,20818,3,15,3,2,0,11,2,3,4,2,1,2,1265,Non-Travel,Research & Development,Technical Degree,Male,Research Scientist,Divorced,No
48,993,6,2,2406,2,85,3,2,2,5748,12584,7,22,4,4,1,16,2,3,4,2,0,2,1042,Non-Travel,Research & Development,Life Sciences,Male,Laboratory Technician,Single,No
55,1176,4,3,2407,4,60,3,2,1,6550,18637,2,15,3,4,1,16,4,3,6,2,0,5,800,Travel_Frequently,Research & Development,Medical,Male,Laboratory Technician,Divorced,No
33,440,17,3,2408,2,59,2,3,1,8337,11981,1,14,3,1,0,10,3,2,10,8,0,8,958,Travel_Rarely,Research & Development,Life Sciences,Male,Healthcare Representative,Divorced,No
36,1328,3,2,2409,4,48,3,2,3,5728,5151,4,15,3,4,0,10,2,3,8,7,0,7,720,Travel_Rarely,Research & Development,Life Sciences,Female,Research Scientist,Married,Yes
43,1033,5,1,2410,4,55,3,4,3,17977,8976,1,15,3,2,1,20,2,3,19,7,8,8,1441,Non-Travel,Research & Development,Life Sciences,Male,Healthcare Representative,Divorced,No
33,1265,18,3,2411,3,83,2,2,3,8889,24837,1,15,3,3,1,10,3,3,10,7,0,4,812,Travel_Frequently,Research & Development,Life Sciences,Female,Manufacturing Director,Married,No
36,1127,7,4,2412,2,92,3,2,3,5738,25337,1,17,3,1,0,12,0,3,11,7,4,7,210,Travel_Rarely,Sales,Medical,Male,Sales Executive,Married,No
39,412,15,4,2413,4,93,1,2,4,6084,12594,1,24,4,1,1,15,4,2,14,11,10,10,782,Travel_Rarely,Research & Development,Other,Male,Manufacturing Director,Married,No
38,1358,7,2,2414,3,70,2,1,4,3713,10091,1,19,3,4,1,2,4,2,2,0,0,1,663,Travel_Rarely,Research & Development,Other,Female,Research Scientist,Single,No
33,456,13,3,2415,1,64,2,1,1,3404,5904,4,16,3,4,2,5,3,3,3,2,2,0,1458,Travel_Rarely,Research & Development,Life Sciences,Female,Research Scientist,Married,No
29,936,18,1,2416,4,74,3,1,4,4568,11343,3,13,3,3,2,8,5,2,4,2,1,2,1072,Travel_Frequently,Research & Development,Life Sciences,Female,Laboratory Technician,Married,No
38,804,7,1,2417,3,73,3,1,3,4426,8535,0,15,3,4,0,5,3,3,4,2,2,2,153,Travel_Rarely,Research & Development,Life Sciences,Male,Laboratory Technician,Divorced,No
33,788,8,1,2418,2,84,2,2,4,5778,19260,1,16,3,3,1,10,2,2,10,7,1,2,762,Travel_Frequently,Research & Development,Life Sciences,Male,Research Scientist,Married,Yes
43,1167,2,4,2419,1,101,3,3,1,16048,20457,2,13,3,1,1,21,3,3,18,7,10,14,280,Travel_Rarely,Research & Development,Medical,Male,Research Director,Married,Yes
45,971,4,3,2420,3,100,1,4,4,18594,20120,3,15,3,2,1,24,2,3,8,7,0,7,150,Travel_Frequently,Research & Development,Medical,Female,Research Scientist,Divorced,No
38,740,2,3,2421,2,84,3,1,1,3280,8396,4,14,3,4,1,6,2,2,4,2,1,2,1006,Travel_Frequently,Research & Development,Life Sciences,Male,Laboratory Technician,Single,No
43,1128,27,3,2422,3,66,1,3,1,10907,13455,3,16,3,3,1,19,2,3,2,0,0,1,1395,Travel_Frequently,Sales,Marketing,Male,Sales Executive,Married,Yes
52,1147,2,3,2423,1,79,3,4,2,17226,11968,3,20,3,1,0,26,1,2,8,3,0,7,634,Travel_Rarely,Sales,Other,Male,Sales Executive,Married,Yes
53,1334,5,4,2424,1,44,3,1,3,3514,12499,8,13,3,3,2,18,2,4,10,0,2,7,1316,Travel_Frequently,Sales,Life Sciences,Male,Sales Executive,Married,No
30,588,11,2,2425,1,67,3,2,1,5503,23886,1,14,3,3,1,6,3,3,5,3,3,3,7,Travel_Rarely,Research & Development,Life Sciences,Male,Laboratory Technician,Divorced,No
44,270,5,3,2426,1,64,3,2,2,9530,11787,1,19,3,3,0,9,4,3,8,7,6,7,661,Travel_Rarely,Research & Development,Life Sciences,Female,Manufacturing Director,Divorced,No
32,1490,2,3,2427,1,96,3,1,3,3905,17475,3,16,3,4,1,6,3,4,4,2,1,2,620,Travel_Rarely,Research & Development,Medical,Female,Research Scientist,Single,No
50,1256,2,4,2428,4,50,2,3,1,14808,19543,6,13,3,1,1,20,3,1,4,2,0,2,1138,Travel_Frequently,Research & Development,Medical,Male,Healthcare Representative,Married,Yes
41,1119,28,3,2429,4,62,3,2,4,6830,6849,3,19,3,1,1,10,3,1,7,7,1,7,77,Travel_Rarely,Research & Development,Other,Male,Research Director,Married,Yes
37,889,15,3,2430,2,77,3,3,1,16209,13966,6,15,3,4,1,16,3,2,14,7,5,8,146,Travel_Rarely,Research & Development,Medical,Male,Laboratory Technician,Single,No
34,1324,3,4,2431,4,84,2,1,1,5702,27291,0,17,3,4,0,10,2,3,9,7,0,7,753,Travel_Frequently,Research & Development,Medical,Female,Manufacturing Director,Single,Yes
52,426,8,4,2432,4,62,3,1,2,4748,12178,6,16,3,4,1,5,2,3,3,2,2,2,1371,Travel_Rarely,Sales,Marketing,Female,Sales Executive,Married,No
34,279,8,2,2433,2,79,4,3,1,11329,19364,0,13,3,3,2,10,4,2,8,7,1,7,988,Travel_Frequently,Research & Development,Life Sciences,Female,Research Scientist,Divorced,Yes
55,269,25,3,2434,4,41,4,3,4,16489,15751,2,13,3,3,0,22,3,3,5,3,4,4,100,Travel_Rarely,Human Resources,Human Resources,Male,Human Resources,Divorced,Yes
47,1254,11,2,2435,4,94,3,3,4,16770,7969,3,14,3,2,1,25,4,4,9,3,1,1,1150,Travel_Rarely,Research & Development,Life Sciences,Male,Research Scientist,Married,No
43,554,16,2,2436,3,80,3,1,3,4459,10844,8,17,3,2,1,7,0,3,4,2,0,0,1353,Non-Travel,Research & Development,Technical Degree,Male,Research Scientist,Married,Yes
47,299,5,3,2437,3,64,1,3,3,9880,9064,4,22,4,3,1,10,2,4,5,0,0,3,1282,Travel_Rarely,Research & Development,Life Sciences,Male,Research Scientist,Married,No
43,1314,23,2,2438,1,69,3,2,4,4262,25471,1,18,3,1,1,10,3,3,9,7,4,7,232,Travel_Rarely,Human Resources,Medical,Male,Human Resources,Married,No
33,1490,2,1,2439,4,51,3,2,3,5135,27159,1,14,3,1,1,10,1,3,10,7,0,8,483,Travel_Rarely,Research & Development,Other,Male,Laboratory Technician,Single,No
30,1365,24,3,2440,1,57,1,1,3,3367,12706,1,13,3,3,0,2,2,2,2,0,0,1,1367,Travel_Rarely,Research & Development,Technical Degree,Male,Research Scientist,Married,No
26,1352,21,1,2441,3,58,3,1,3,4374,25468,1,13,3,3,0,4,2,3,4,2,1,2,1460,Travel_Rarely,Research & Development,Medical,Female,Research Scientist,Single,No
46,1222,5,2,2442,3,96,4,4,1,18114,19065,1,15,3,4,1,25,4,2,24,8,12,12,1435,Travel_Rarely,Research & Development,Medical,Male,Research Scientist,Single,Yes
35,888,3,1,2443,2,83,3,2,4,7110,10673,4,14,3,3,0,10,2,4,6,5,0,5,1402,Travel_Rarely,Research & Development,Medical,Female,Laboratory Technician,Divorced,Yes
29,761,4,3,2444,1,95,3,1,1,4884,11638,5,14,3,3,1,7,4,3,3,2,0,2,926,Travel_Rarely,Sales,Marketing,Female,Sales Executive,Single,No
38,1369,17,4,2445,3,98,3,2,1,9191,22327,3,16,3,4,2,15,2,3,7,7,1,7,1212,Travel_Rarely,Research & Development,Life Sciences,Female,Research Scientist,Married,No
36,1001,6,4,2446,2,72,3,1,2,3738,19246,2,15,3,2,0,12,3,3,7,7,0,7,247,Travel_Rarely,Research & Development,Life Sciences,Male,Manufacturing Director,Married,No
46,984,4,3,2447,1,93,3,1,1,3427,16485,4,13,3,3,0,10,4,4,4,2,1,2,325,Travel_Frequently,Research & Development,Life Sciences,Female,Manufacturing Director,Married,No
33,563,27,4,2448,4,79,2,1,1,4669,10805,1,15,3,2,0,6,3,1,5,4,0,4,822,Travel_Frequently,Research & Development,Life Sciences,Male,Manufacturing Director,Single,No
31,1092,8,3,2449,3,74,3,1,4,4372,8657,1,13,3,3,0,7,4,2,6,2,1,4,1178,Travel_Rarely,Sales,Medical,Female,Sales Representative,Single,No
49,742,28,4,2450,1,93,3,3,2,11707,12440,1,13,3,4,1,10,2,2,10,7,8,8,1234,Non-Travel,Sales,Marketing,Male,Sales Executive,Married,No
41,336,22,3,2451,4,53,2,3,3,9680,11079,0,22,4,2,0,10,2,3,9,7,1,7,827,Travel_Frequently,Research & Development,Life Sciences,Male,Research Scientist,Divorced,Yes
41,1407,2,3,2452,1,67,2,1,1,3860,13547,4,15,3,1,0,19,3,2,2,0,0,0,98,Travel_Rarely,Sales,Medical,Male,Sales Executive,Single,No
37,698,4,1,2453,1,54,3,2,4,8135,23467,0,18,3,3,0,8,1,2,6,2,0,4,1300,Travel_Rarely,Sales,Technical Degree,Male,Sales Executive,Married,No
38,1027,2,4,2454,4,66,2,1,3,3336,18020,6,13,3,2,1,10,2,3,8,0,1,7,184,Travel_Rarely,Research & Development,Medical,Female,Manufacturing Director,Divorced,No
51,1325,11,4,2455,4,85,3,2,4,5299,10531,3,13,3,3,0,9,1,4,5,1,0,4,1432,Travel_Rarely,Research & Development,Life Sciences,Female,Research Director,Married,Yes
36,456,6,3,2456,4,44,3,1,3,3854,11412,1,14,3,2,0,2,2,3,2,0,0,0,1390,Travel_Rarely,Research & Development,Technical Degree,Male,Laboratory Technician,Divorced,No
51,1471,27,2,2457,1,101,2,2,1,5105,23875,3,21,4,1,0,19,2,3,4,3,1,3,815,Travel_Rarely,Research & Development,Technical Degree,Female,Research Scientist,Single,Yes
50,1245,10,3,2458,4,95,2,4,2,18529,15486,4,13,3,4,0,27,3,3,21,9,11,8,1351,Travel_Frequently,Research & Development,Medical,Female,Manager,Divorced,No
42,747,7,2,2459,3,62,2,4,4,18186,22433,1,16,3,1,1,20,2,3,20,8,11,3,1140,Travel_Rarely,Research & Development,Medical,Female,Research Director,Divorced,Yes
55,1399,23,4,2460,2,57,4,3,4,7479,6181,3,16,3,3,0,11,2,3,4,3,1,2,1238,Travel_Rarely,Research & Development,Medical,Female,Laboratory Technician,Single,No
40,862,2,3,2461,2,67,3,3,4,7904,24921,4,18,3,4,0,12,3,4,6,5,1,2,319,Travel_Rarely,Sales,Technical Degree,Female,Sales Executive,Married,Yes
53,1178,8,4,2462,1,61,1,3,4,10661,26117,2,16,3,4,0,18,2,3,4,2,0,3,29,Travel_Rarely,Sales,Marketing,Female,Manager,Single,No
29,702,13,1,2463,2,50,3,1,3,3195,27244,1,13,3,3,0,8,1,3,7,4,0,6,1295,Travel_Rarely,Sales,Marketing,Female,Sales Executive,Divorced,Yes
44,958,6,2,2464,1,99,2,1,1,3205,21653,6,18,3,1,1,6,2,1,2,0,0,0,1137,Non-Travel,Research & Development,Other,Female,Research Scientist,Married,Yes
45,302,3,5,2465,4,84,4,2,1,6840,14820,6,17,3,1,1,10,3,4,4,3,0,3,1179,Travel_Rarely,Research & Development,Life Sciences,Female,Research Scientist,Divorced,No
37,304,3,4,2466,4,101,4,1,4,3925,8137,0,15,3,1,2,7,3,3,5,0,1,2,1272,Travel_Rarely,Research & Development,Other,Female,Laboratory Technician,Married,No
57,1404,7,3,2467,4,58,1,3,4,7702,22945,4,13,3,1,0,35,3,2,6,4,0,2,961,Travel_Frequently,Research & Development,Life Sciences,Male,Research Scientist,Single,Yes
44,720,2,3,2468,4,82,3,1,4,3794,22682,3,22,4,1,1,12,3,3,5,3,1,0,1420,Travel_Rarely,Research & Development,Life Sciences,Male,Research Scientist,Married,No
35,1444,2,5,2469,3,103,4,3,2,7864,11211,1,13,3,1,0,10,2,3,10,7,4,7,910,Travel_Rarely,Research & Development,Life Sciences,Male,Research Scientist,Married,No
51,392,8,1,2470,3,68,2,2,2,5843,25894,1,23,4,4,1,10,3,3,10,7,1,7,339,Travel_Rarely,Sales,Marketing,Female,Sales Executive,Married,No
53,1315,3,3,2471,4,89,1,2,2,6150,18003,5,19,3,4,1,13,3,3,4,1,1,2,693,Travel_Rarely,Sales,Life Sciences,Male,Sales Executive,Married,Yes
56,1250,5,4,2472,4,41,3,2,3,4887,17839,0,17,3,2,0,5,2,3,4,2,1,2,300,Travel_Rarely,Sales,Life Sciences,Male,Manager,Single,No
54,771,2,4,2473,3,72,2,4,3,18820,8221,0,15,3,1,1,32,4,3,31,16,10,8,390,Travel_Rarely,Research & Development,Life Sciences,Male,Research Director,Divorced,No
41,322,10,3,2474,2,102,1,3,3,12891,6105,3,13,3,1,1,19,3,3,17,14,1,10,668,Travel_Rarely,Research & Development,Medical,Female,Research Scientist,Divorced,No
49,1205,24,3,2475,1,89,3,3,3,8900,15028,2,23,4,2,0,24,3,3,16,13,11,10,357,Travel_Frequently,Sales,Technical Degree,Female,Sales Representative,Single,Yes
53,1195,7,4,2476,2,44,2,2,3,6717,15854,2,18,3,3,0,10,2,3,2,0,0,0,1375,Travel_Frequently,Research & Development,Life Sciences,Female,Research Scientist,Single,Yes
47,368,3,3,2477,2,99,2,1,3,3350,8658,1,15,3,4,0,2,3,3,2,0,0,0,626,Travel_Rarely,Research & Development,Medical,Female,Research Scientist,Married,No
40,509,18,2,2478,2,79,3,1,2,4003,12402,4,22,4,1,0,9,1,3,2,0,0,0,93,Travel_Frequently,Research & Development,Medical,Male,Healthcare Representative,Married,Yes
52,1230,27,1,2479,4,80,4,1,3,4177,6033,1,13,3,3,2,19,3,3,19,7,3,7,1173,Travel_Rarely,Research & Development,Life Sciences,Female,Healthcare Representative,Married,No
42,993,21,3,2480,4,87,3,3,1,10861,7674,1,14,3,3,0,20,2,3,20,6,2,7,886,Travel_Rarely,Research & Development,Medical,Male,Research Scientist,Married,Yes
40,419,10,4,2481,4,93,2,2,4,7208,25265,2,15,3,3,2,9,4,3,2,0,0,0,9,Travel_Rarely,Research & Development,Medical,Male,Healthcare Representative,Married,No
45,1287,3,1,2482,2,45,3,1,4,3561,11337,5,15,3,4,0,9,2,3,3,1,2,2,696,Non-Travel,Research & Development,Life Sciences,Male,Laboratory Technician,Married,No
53,629,3,3,2483,2,60,3,3,2,10614,17152,2,13,3,2,0,14,4,3,4,2,3,2,1029,Non-Travel,Research & Development,Other,Male,Laboratory Technician,Divorced,No
47,1349,7,3,2484,2,67,3,3,1,9852,20269,2,18,3,3,1,24,2,3,2,0,0,0,494,Travel_Rarely,Sales,Technical Degree,Female,Sales Representative,Divorced,Yes
45,1470,8,4,2485,3,80,3,2,3,5312,5049,4,15,3,4,0,9,3,3,5,2,0,2,1401,Travel_Rarely,Human Resources,Human Resources,Male,Manager,Married,Yes
41,1490,10,3,2486,3,82,3,2,3,9940,23382,3,20,3,3,1,18,4,3,2,0,0,0,444,Travel_Rarely,Sales,Marketing,Female,Sales Executive,Married,No
31,330,2,1,2487,3,79,3,2,2,6907,23321,0,14,3,4,1,7,0,3,5,4,1,4,1054,Travel_Rarely,Research & Development,Life Sciences,Male,Healthcare Representative,Divorced,No
45,645,10,4,2488,3,87,2,2,3,5954,8726,1,13,3,2,1,10,3,4,9,7,0,0,8,Travel_Frequently,Research & Development,Life Sciences,Male,Manufacturing Director,Single,No
53,758,7,3,2489,1,59,3,4,3,18417,8942,6,14,3,3,0,22,4,3,19,16,13,14,1366,Non-Travel,Sales,Life Sciences,Female,Sales Executive,Married,No
31,1001,9,3,2490,4,53,3,2,4,4948,7689,1,15,3,1,0,8,4,3,7,7,0,7,710,Non-Travel,Sales,Life Sciences,Male,Manager,Single,No
32,914,10,3,2491,3,67,3,2,3,4560,10272,3,14,3,4,0,10,4,4,8,7,1,7,611,Travel_Rarely,Research & Development,Other,Male,Manufacturing Director,Single,No
31,856,3,1,2492,4,52,1,2,4,5791,21744,3,21,4,2,0,9,3,3,6,2,0,0,418,Travel_Rarely,Research & Development,Life Sciences,Female,Research Scientist,Divorced,No
41,1338,3,2,2493,4,49,2,2,4,5947,21092,3,19,3,4,1,13,0,3,8,7,6,5,1060,Travel_Frequently,Research & Development,Medical,Male,Laboratory Technician,Single,Yes
35,1372,13,4,2494,2,55,3,2,1,5060,13583,2,18,3,3,0,10,2,1,4,1,1,2,1372,Travel_Rarely,Research & Development,Medical,Male,Manufacturing Director,Married,No
36,792,17,3,2495,4,48,3,3,3,16590,21834,1,13,3,4,0,10,2,3,10,7,5,0,263,Travel_Rarely,Sales,Technical Degree,Female,Manager,Married,Yes
44,969,7,3,2496,4,45,3,3,3,9431,17587,1,13,3,2,0,10,3,3,10,7,7,7,711,Travel_Rarely,Research & Development,Life Sciences,Female,Research Scientist,Single,Yes
42,235,9,3,2497,4,92,3,4,4,18325,17066,2,14,3,3,0,20,3,2,6,0,1,3,1105,Travel_Rarely,Sales,Life Sciences,Male,Sales Executive,Married,No
37,1143,8,2,2498,3,97,3,2,1,7039,15231,5,18,3,2,1,7,1,3,4,2,1,2,362,Non-Travel,Sales,Medical,Male,Sales Representative,Single,No
49,323,3,2,2499,3,43,3,3,4,15986,14934,1,13,3,3,1,25,3,2,24,13,3,0,1322,Travel_Rarely,Research & Development,Life Sciences,Male,Manufacturing Director,Divorced,No
34,513,7,1,2500,4,65,3,1,2,3969,19912,0,15,3,1,0,5,3,3,4,2,1,2,808,Travel_Rarely,Research & Development,Life Sciences,Female,Research Scientist,Divorced,No
23,873,10,3,2501,4,76,2,1,3,2413,11940,1,13,3,1,0,2,2,3,1,0,0,0,536,Travel_Rarely,Sales,Marketing,Male,Sales Executive,Single,No
38,1246,3,4,2502,4,68,3,2,1,5811,7378,2,13,3,1,1,16,2,4,2,0,0,0,757,Travel_Rarely,Sales,Marketing,Male,Sales Executive,Divorced,No
57,784,8,3,2503,3,74,3,1,1,5081,15814,4,19,3,3,1,18,3,3,3,2,2,2,1007,Travel_Frequently,Research & Development,Other,Female,Healthcare Representative,Single,Yes
33,1202,4,2,2504,2,69,3,2,3,6219,6207,1,15,3,1,1,7,4,2,6,0,1,2,1175,Travel_Rarely,Research & Development,Medical,Male,Manufacturing Director,Married,No
43,854,3,2,2505,3,48,4,2,2,5070,12130,1,24,4,4,1,9,2,3,8,7,3,7,562,Travel_Rarely,Research & Development,Other,Male,Research Scientist,Single,Yes
32,1185,9,3,2506,4,98,3,1,4,3172,5404,1,23,4,4,1,6,3,2,5,2,0,4,541,Non-Travel,Research & Development,Life Sciences,Female,Research Director,Married,No
36,874,14,3,2507,3,66,3,1,4,3492,23359,5,14,3,3,1,9,2,1,5,4,0,4,616,Travel_Rarely,Sales,Marketing,Female,Manager,Married,No
39,968,7,4,2508,3,67,1,1,3,3758,9312,1,15,3,3,1,8,4,3,7,7,1,7,27,Travel_Rarely,Sales,Marketing,Male,Sales Executive,Married,No
32,1195,8,2,2509,2,70,2,1,4,5674,25028,1,14,3,4,1,7,5,3,5,1,0,4,1087,Travel_Rarely,Sales,Technical Degree,Male,Sales Representative,Married,Yes
33,244,13,3,2510,1,59,3,2,2,6397,19073,5,13,3,1,0,8,4,1,5,3,0,0,1152,Travel_Rarely,Research & Development,Medical,Male,Research Scientist,Single,No
61,1493,27,3,2511,3,85,2,3,1,10326,5617,4,20,3,4,0,21,4,4,17,12,11,10,824,Travel_Rarely,Research & Development,Medical,Male,Laboratory Technician,Single,No
33,868,2,4,2512,2,82,1,1,4,3740,20427,1,19,3,4,1,10,4,3,10,7,2,7,88,Travel_Rarely,Research & Development,Life Sciences,Male,Healthcare Representative,Married,No
28,1472,5,1,2513,4,51,3,2,3,4998,16983,1,13,3,3,1,6,3,3,5,4,0,3,686,Travel_Rarely,Research & Development,Medical,Male,Laboratory Technician,Single,Yes
43,709,5,4,2514,3,74,2,3,4,10840,10863,6,13,3,1,1,15,2,2,12,10,2,10,373,Travel_Rarely,Research & Development,Medical,Male,Laboratory Technician,Divorced,No
40,1139,14,3,2515,4,99,3,1,1,4014,27739,1,13,3,3,1,18,2,2,17,7,11,15,806,Travel_Rarely,Research & Development,Life Sciences,Male,Healthcare Representative,Single,No
33,1377,4,1,2516,2,92,3,1,1,5488,17904,1,19,3,4,0,10,3,3,10,8,1,5,906,Travel_Rarely,Research & Development,Technical Degree,Female,Research Scientist,Married,No
37,1139,9,4,2517,1,60,3,1,3,3759,5826,1,16,3,4,0,3,0,3,3,2,2,2,673,Travel_Rarely,Research & Development,Other,Male,Research Scientist,Single,Yes
37,573,7,4,2518,1,45,3,1,4,3959,23278,1,14,3,3,0,2,4,1,2,0,0,0,1078,Travel_Rarely,Research & Development,Life Sciences,Male,Research Director,Married,No
50,246,21,3,2519,4,66,3,3,4,16355,5242,3,13,3,2,1,23,3,3,21,15,4,7,694,Travel_Rarely,Research & Development,Life Sciences,Female,Healthcare Representative,Single,No
35,1114,16,4,2520,1,76,3,3,3,8488,20467,2,14,3,1,2,10,2,3,2,0,0,0,282,Travel_Frequently,Sales,Life Sciences,Male,Sales Executive,Single,No
36,483,6,2,2521,2,57,3,2,2,7060,11174,1,15,3,4,1,10,3,3,10,7,4,3,1259,Travel_Rarely,Research & Development,Life Sciences,Male,Healthcare Representative,Married,No
37,1160,4,3,2522,4,73,3,2,2,6107,20770,1,13,3,3,1,11,2,3,11,7,6,8,1141,Travel_Rarely,Research & Development,Medical,Male,Research Scientist,Married,No
41,766,7,3,2523,4,65,4,1,3,3644,17476,1,13,3,4,2,5,2,3,4,2,0,3,39,Travel_Frequently,Sales,Life Sciences,Female,Sales Executive,Married,No
30,1475,2,3,2524,3,89,3,2,2,6949,27603,1,21,4,1,1,7,5,1,6,5,1,4,104,Non-Travel,Research & Development,Life Sciences,Male,Healthcare Representative,Divorced,No
39,987,3,4,2525,3,84,3,1,3,3564,14295,4,22,4,3,0,16,5,3,11,7,3,8,76,Travel_Rarely,Sales,Marketing,Male,Sales Executive,Single,No
41,955,3,3,2526,3,86,3,2,2,5603,10036,4,13,3,1,1,8,2,3,5,2,1,4,1437,Non-Travel,Research & Development,Life Sciences,Male,Manager,Single,No
42,596,3,4,2527,3,71,3,3,3,10912,8903,0,25,4,4,0,19,1,3,18,6,10,7,948,Travel_Rarely,Research & Development,Medical,Female,Manager,Married,Yes
43,664,6,4,2528,4,57,2,3,1,10508,24851,5,22,4,3,1,19,2,3,17,12,1,11,1315,Travel_Rarely,Research & Development,Other,Female,Research Scientist,Married,Yes
33,583,10,3,2529,4,68,3,1,2,4238,19491,0,15,3,4,1,9,2,2,7,5,1,1,953,Travel_Rarely,Research & Development,Life Sciences,Male,Laboratory Technician,Married,No
27,656,12,2,2530,4,84,3,1,4,3676,15568,1,14,3,3,0,6,5,4,5,2,1,4,1168,Travel_Frequently,Research & Development,Technical Degree,Female,Research Scientist,Single,Yes
28,597,28,1,2531,2,95,3,1,1,4776,6332,1,14,3,2,2,7,2,4,6,2,1,2,786,Non-Travel,Research & Development,Life Sciences,Male,Laboratory Technician,Married,No
35,280,7,4,2532,2,51,2,1,3,3398,13790,3,16,3,2,0,13,2,4,7,7,4,2,1232,Travel_Rarely,Research & Development,Life Sciences,Male,Manufacturing Director,Married,No
38,1236,2,3,2533,2,41,2,1,3,3861,27154,1,19,3,1,0,7,3,3,6,4,0,4,1023,Travel_Rarely,Research & Development,Life Sciences,Female,Research Scientist,Married,No
56,541,3,1,2534,3,50,2,3,1,15990,18924,6,16,3,2,0,29,3,4,9,7,5,2,832,Travel_Rarely,Research & Development,Medical,Female,Healthcare Representative,Divorced,No
37,415,3,3,2535,4,67,3,2,4,6841,20176,1,22,4,3,0,7,4,3,6,5,1,4,99,Non-Travel,Research & Development,Medical,Male,Laboratory Technician,Married,No
43,692,7,4,2536,2,93,3,4,2,18675,7000,1,15,3,2,0,20,3,2,20,7,11,7,1165,Travel_Frequently,Human Resources,Human Resources,Male,Human Resources,Married,Yes
55,282,10,3,2537,3,83,3,2,1,5241,26161,6,20,3,4,0,10,3,3,5,2,1,4,1136,Travel_Rarely,Research & Development,Medical,Male,Laboratory Technician,Married,Yes
36,619,16,3,2538,3,46,3,2,4,6051,17827,1,25,4,3,1,8,2,3,6,5,1,2,421,Travel_Rarely,Research & Development,Technical Degree,Female,Research Scientist,Married,No
40,472,24,2,2539,3,60,2,2,4,6367,18784,6,14,3,3,1,10,2,3,6,2,1,3,417,Travel_Rarely,Sales,Life Sciences,Female,Manager,Married,No
45,1096,9,2,2540,4,97,2,4,4,18483,27231,7,22,4,4,0,23,2,3,2,0,0,1,128,Travel_Rarely,Research & Development,Technical Degree,Male,Laboratory Technician,Married,No
39,468,2,3,2541,3,83,1,3,1,10313,6895,2,22,4,3,1,17,2,3,7,7,6,7,463,Travel_Rarely,Research & Development,Technical Degree,Male,Laboratory Technician,Single,Yes
35,1097,2,3,2542,4,62,3,1,2,3375,10648,1,13,3,1,0,4,2,4,4,2,2,2,898,Travel_Rarely,Research & Development,Life Sciences,Male,Research Director,Married,No
32,415,9,4,2543,2,96,3,2,4,5950,22073,1,17,3,4,0,8,1,3,7,5,0,7,392,Travel_Rarely,Research & Development,Medical,Male,Research Director,Married,No
32,1038,9,3,2544,3,83,3,1,3,3440,12041,5,19,3,2,1,7,2,3,3,2,2,2,797,Travel_Rarely,Research & Development,Medical,Male,Laboratory Technician,Divorced,No
36,494,3,4,2545,4,97,3,2,4,6170,6606,1,15,3,3,1,7,4,3,6,2,0,4,1182,Non-Travel,Research & Development,Medical,Female,Manufacturing Director,Married,No
41,248,4,3,2546,1,82,3,3,3,10625,11869,0,13,3,3,1,17,5,2,15,9,4,12,565,Travel_Rarely,Research & Development,Medical,Male,Research Scientist,Single,No
47,1448,3,3,2547,1,98,1,4,2,17795,5294,2,17,3,1,0,25,2,3,23,9,1,10,972,Non-Travel,Research & Development,Life Sciences,Female,Laboratory Technician,Single,No
43,790,16,4,2548,1,59,2,2,3,5812,14016,6,15,3,4,0,10,5,3,2,0,0,0,1291,Travel_Rarely,Research & Development,Medical,Male,Manufacturing Director,Single,No
28,357,21,1,2549,4,66,1,1,3,2723,13650,1,13,3,3,1,2,2,3,2,0,0,0,96,Travel_Rarely,Sales,Other,Female,Sales Executive,Married,No
44,291,12,4,2550,2,55,3,1,4,5525,11321,3,13,3,1,1,7,4,3,2,0,0,0,913,Travel_Rarely,Sales,Marketing,Female,Manager,Single,Yes
43,765,11,3,2551,4,79,3,2,3,6884,27679,1,13,3,1,1,10,2,4,10,8,8,4,547,Travel_Frequently,Research & Development,Medical,Male,Research Scientist,Divorced,Yes
37,986,2,3,2552,1,42,3,3,4,9996,9225,1,22,4,1,0,14,3,2,14,7,2,1,1414,Travel_Rarely,Research & Development,Medical,Male,Healthcare Representative,Single,No
42,512,13,4,2553,3,98,2,3,2,16310,18934,6,14,3,4,1,20,4,3,18,8,13,2,973,Travel_Rarely,Research & Development,Medical,Female,Laboratory Technician,Married,No
26,1375,5,1,2554,3,102,2,1,3,4764,11393,5,17,3,3,0,5,3,3,3,2,1,2,671,Travel_Rarely,Research & Development,Life Sciences,Male,Laboratory Technician,Divorced,No
43,1209,3,4,2555,2,69,3,2,2,5142,26384,5,13,3,4,2,6,2,3,1,0,0,0,120,Travel_Frequently,Research & Development,Life Sciences,Male,Research Scientist,Divorced,No
52,866,9,3,2556,1,71,3,1,4,3443,21536,4,19,3,2,0,9,4,3,2,0,0,0,1228,Non-Travel,Human Resources,Human Resources,Male,Human Resources,Married,No
34,1344,5,2,2557,3,70,2,2,2,5912,21164,1,13,3,2,2,11,4,2,11,7,2,7,883,Travel_Rarely,Research & Development,Medical,Male,Research Scientist,Married,No
52,764,3,3,2558,3,71,3,3,3,16761,9327,5,17,3,4,0,28,3,3,4,3,0,3,799,Travel_Rarely,Research & Development,Medical,Male,Manager,Married,No
37,1332,19,3,2559,3,93,4,1,3,3622,22894,0,18,3,4,0,3,4,2,2,0,0,0,635,Travel_Rarely,Research & Development,Life Sciences,Female,Manufacturing Director,Married,Yes
38,1171,22,4,2560,3,41,3,1,1,4869,17710,3,16,3,3,1,5,3,3,3,2,2,2,456,Travel_Rarely,Sales,Life Sciences,Male,Manager,Divorced,No
30,1298,2,3,2561,3,60,2,2,1,5113,13248,1,13,3,2,0,8,2,3,7,7,0,7,18,Travel_Rarely,Sales,Life Sciences,Female,Manager,Married,No
44,364,7,1,2562,2,63,1,4,3,18798,21645,1,22,4,2,1,20,3,3,20,14,4,9,1337,Travel_Rarely,Sales,Medical,Female,Sales Representative,Married,No
29,1364,10,4,2563,3,65,3,2,4,5686,21957,0,15,3,2,0,6,4,3,4,3,1,1,530,Travel_Rarely,Research & Development,Life Sciences,Female,Manufacturing Director,Married,No
34,559,5,3,2564,3,50,3,1,4,3360,6152,8,23,4,3,0,4,4,3,2,0,0,0,1217,Travel_Rarely,Research & Development,Medical,Male,Research Scientist,Married,No
36,606,8,5,2565,4,76,3,2,3,6941,23267,2,18,3,1,0,14,5,3,1,0,0,0,14,Travel_Rarely,Research & Development,Life Sciences,Male,Laboratory Technician,Single,Yes
39,526,8,3,2566,1,70,4,3,1,11588,21692,8,15,3,1,1,10,2,3,8,7,0,5,372,Travel_Rarely,Research & Development,Life Sciences,Male,Healthcare Representative,Single,No
39,1294,8,3,2567,1,83,2,1,1,3410,10939,0,22,4,3,0,7,3,3,5,4,0,3,266,Travel_Rarely,Research & Development,Medical,Male,Healthcare Representative,Married,No
38,1406,27,4,2568,2,101,2,1,3,3486,27086,0,23,4,1,1,7,4,3,5,3,4,2,1131,Travel_Frequently,Research & Development,Technical Degree,Male,Healthcare Representative,Married,No